run,iteration,best_fitness
0,0,401.284593
0,1,401.284593
0,2,426.559147
0,3,455.366785
0,4,455.366785
0,5,489.869099
0,6,489.869099
0,7,501.602186
0,8,503.689688
0,9,524.832026
0,10,524.832026
0,11,524.832026
0,12,524.832026
0,13,538.265295
0,14,538.265295
0,15,538.265295
0,16,538.265295
0,17,538.265295
0,18,538.265295
0,19,538.265295
0,20,543.890073
0,21,543.890073
0,22,543.890073
0,23,543.890073
0,24,543.890073
0,25,543.890073
0,26,543.890073
0,27,543.890073
0,28,543.890073
0,29,543.890073
0,30,543.890073
0,31,543.890073
0,32,543.890073
0,33,543.890073
0,34,543.890073
0,35,543.890073
0,36,543.890073
0,37,543.890073
0,38,543.890073
0,39,543.890073
0,40,543.890073
0,41,543.890073
0,42,543.890073
0,43,543.890073
0,44,543.890073
0,45,543.890073
0,46,543.890073
0,47,543.890073
0,48,543.890073
0,49,543.890073
0,50,543.890073
0,51,543.890073
0,52,543.890073
0,53,543.890073
0,54,543.890073
0,55,543.890073
0,56,543.890073
0,57,543.890073
0,58,543.890073
0,59,543.890073
0,60,543.890073
0,61,543.890073
0,62,543.890073
0,63,543.890073
0,64,543.890073
0,65,543.890073
0,66,543.890073
0,67,543.890073
0,68,543.890073
0,69,543.890073
0,70,543.890073
0,71,543.890073
0,72,543.890073
0,73,543.890073
0,74,543.890073
0,75,543.890073
0,76,543.890073
0,77,543.890073
0,78,551.801031
0,79,551.801031
0,80,551.801031
0,81,551.801031
0,82,551.801031
0,83,551.801031
0,84,551.801031
0,85,551.801031
0,86,551.801031
0,87,551.801031
0,88,551.801031
0,89,551.801031
0,90,551.801031
0,91,551.801031
0,92,551.801031
0,93,551.801031
0,94,552.967768
0,95,552.967768
0,96,552.967768
0,97,552.967768
0,98,552.967768
0,99,552.967768
1,0,390.633284
1,1,390.633284
1,2,458.302046
1,3,497.965253
1,4,517.713464
1,5,528.118372
1,6,528.118372
1,7,549.813950
1,8,549.813950
1,9,549.813950
1,10,549.813950
1,11,549.813950
1,12,549.813950
1,13,569.149156
1,14,569.149156
1,15,569.149156
1,16,569.149156
1,17,569.149156
1,18,569.149156
1,19,569.149156
1,20,569.149156
1,21,569.149156
1,22,569.149156
1,23,569.149156
1,24,569.149156
1,25,569.149156
1,26,569.149156
1,27,569.149156
1,28,569.149156
1,29,569.149156
1,30,569.149156
1,31,569.149156
1,32,569.149156
1,33,569.149156
1,34,569.149156
1,35,569.149156
1,36,569.149156
1,37,569.149156
1,38,569.149156
1,39,569.149156
1,40,569.149156
1,41,569.149156
1,42,569.149156
1,43,569.149156
1,44,569.149156
1,45,569.149156
1,46,569.149156
1,47,569.149156
1,48,569.149156
1,49,569.149156
1,50,569.149156
1,51,569.149156
1,52,569.149156
1,53,569.149156
1,54,569.149156
1,55,569.149156
1,56,569.149156
1,57,569.149156
1,58,569.149156
1,59,569.149156
1,60,569.149156
1,61,569.149156
1,62,569.149156
1,63,569.149156
1,64,569.149156
1,65,569.149156
1,66,569.149156
1,67,569.149156
1,68,569.149156
1,69,569.149156
1,70,569.149156
1,71,569.149156
1,72,569.149156
1,73,569.149156
1,74,569.149156
1,75,569.149156
1,76,569.149156
1,77,569.149156
1,78,569.149156
1,79,569.149156
1,80,569.149156
1,81,569.149156
1,82,569.149156
1,83,569.149156
1,84,569.149156
1,85,569.149156
1,86,569.149156
1,87,569.149156
1,88,569.149156
1,89,569.149156
1,90,569.149156
1,91,569.149156
1,92,569.149156
1,93,569.149156
1,94,569.149156
1,95,569.149156
1,96,569.149156
1,97,569.149156
1,98,569.149156
1,99,569.149156
2,0,447.874195
2,1,498.561749
2,2,498.561749
2,3,498.561749
2,4,501.392233
2,5,517.396447
2,6,551.671636
2,7,551.671636
2,8,551.671636
2,9,551.671636
2,10,551.671636
2,11,551.671636
2,12,551.671636
2,13,551.671636
2,14,551.671636
2,15,551.671636
2,16,551.671636
2,17,551.671636
2,18,551.671636
2,19,551.671636
2,20,551.671636
2,21,551.671636
2,22,551.671636
2,23,551.671636
2,24,551.671636
2,25,551.671636
2,26,551.671636
2,27,551.671636
2,28,551.671636
2,29,551.671636
2,30,564.587526
2,31,564.587526
2,32,564.587526
2,33,564.587526
2,34,564.587526
2,35,564.587526
2,36,564.587526
2,37,564.587526
2,38,564.587526
2,39,564.587526
2,40,564.587526
2,41,564.587526
2,42,564.587526
2,43,564.587526
2,44,564.587526
2,45,564.587526
2,46,564.587526
2,47,564.587526
2,48,564.587526
2,49,564.587526
2,50,564.587526
2,51,564.587526
2,52,564.587526
2,53,564.587526
2,54,564.587526
2,55,564.587526
2,56,564.587526
2,57,564.587526
2,58,564.587526
2,59,564.587526
2,60,564.587526
2,61,564.587526
2,62,564.587526
2,63,564.587526
2,64,564.587526
2,65,564.587526
2,66,564.587526
2,67,564.587526
2,68,564.587526
2,69,564.587526
2,70,564.587526
2,71,575.193598
2,72,575.193598
2,73,575.193598
2,74,575.193598
2,75,575.193598
2,76,575.193598
2,77,575.193598
2,78,575.193598
2,79,575.193598
2,80,575.193598
2,81,575.193598
2,82,602.617384
2,83,602.617384
2,84,602.617384
2,85,602.617384
2,86,602.617384
2,87,602.617384
2,88,602.617384
2,89,602.617384
2,90,602.617384
2,91,602.617384
2,92,602.617384
2,93,602.617384
2,94,602.617384
2,95,602.617384
2,96,602.617384
2,97,602.617384
2,98,602.617384
2,99,602.617384
3,0,325.295564
3,1,325.295564
3,2,360.837504
3,3,462.408106
3,4,462.408106
3,5,462.408106
3,6,462.408106
3,7,462.408106
3,8,462.408106
3,9,474.336702
3,10,538.221435
3,11,538.221435
3,12,538.221435
3,13,538.221435
3,14,538.221435
3,15,538.221435
3,16,538.221435
3,17,538.221435
3,18,538.221435
3,19,538.221435
3,20,538.221435
3,21,538.221435
3,22,538.221435
3,23,538.221435
3,24,538.221435
3,25,538.221435
3,26,548.682911
3,27,548.682911
3,28,548.682911
3,29,548.682911
3,30,548.682911
3,31,548.682911
3,32,548.682911
3,33,548.682911
3,34,548.682911
3,35,548.682911
3,36,548.682911
3,37,548.682911
3,38,548.682911
3,39,548.682911
3,40,548.682911
3,41,548.682911
3,42,548.682911
3,43,548.682911
3,44,548.682911
3,45,548.682911
3,46,548.682911
3,47,548.682911
3,48,548.682911
3,49,548.682911
3,50,548.682911
3,51,548.682911
3,52,548.682911
3,53,548.682911
3,54,548.682911
3,55,548.682911
3,56,548.682911
3,57,548.682911
3,58,548.682911
3,59,548.682911
3,60,548.682911
3,61,548.682911
3,62,548.682911
3,63,548.682911
3,64,548.682911
3,65,548.682911
3,66,548.682911
3,67,548.682911
3,68,548.682911
3,69,548.682911
3,70,548.682911
3,71,548.682911
3,72,548.682911
3,73,548.682911
3,74,548.682911
3,75,548.682911
3,76,548.682911
3,77,548.682911
3,78,548.682911
3,79,568.876925
3,80,568.876925
3,81,568.876925
3,82,568.876925
3,83,568.876925
3,84,568.876925
3,85,568.876925
3,86,568.876925
3,87,568.876925
3,88,568.876925
3,89,568.876925
3,90,568.876925
3,91,568.876925
3,92,568.876925
3,93,568.876925
3,94,568.876925
3,95,568.876925
3,96,568.876925
3,97,568.876925
3,98,568.876925
3,99,568.876925
4,0,422.808386
4,1,422.808386
4,2,454.791806
4,3,456.241708
4,4,530.359414
4,5,530.359414
4,6,530.359414
4,7,530.359414
4,8,536.864809
4,9,536.864809
4,10,536.864809
4,11,536.864809
4,12,536.864809
4,13,536.864809
4,14,536.864809
4,15,536.864809
4,16,536.864809
4,17,536.864809
4,18,536.864809
4,19,536.864809
4,20,536.864809
4,21,536.864809
4,22,536.864809
4,23,536.864809
4,24,536.864809
4,25,536.864809
4,26,536.864809
4,27,536.864809
4,28,536.864809
4,29,536.864809
4,30,536.864809
4,31,536.864809
4,32,536.864809
4,33,536.864809
4,34,537.780608
4,35,537.780608
4,36,537.780608
4,37,537.780608
4,38,537.780608
4,39,537.780608
4,40,537.780608
4,41,537.780608
4,42,537.780608
4,43,564.620742
4,44,564.620742
4,45,564.620742
4,46,564.620742
4,47,564.620742
4,48,564.620742
4,49,564.620742
4,50,564.620742
4,51,564.620742
4,52,564.620742
4,53,564.620742
4,54,564.620742
4,55,564.620742
4,56,564.620742
4,57,564.620742
4,58,564.620742
4,59,564.620742
4,60,564.620742
4,61,564.620742
4,62,564.620742
4,63,564.620742
4,64,564.620742
4,65,564.620742
4,66,564.620742
4,67,564.620742
4,68,564.620742
4,69,564.620742
4,70,564.620742
4,71,564.620742
4,72,564.620742
4,73,564.620742
4,74,564.620742
4,75,564.620742
4,76,564.620742
4,77,564.620742
4,78,564.620742
4,79,564.620742
4,80,564.620742
4,81,564.620742
4,82,564.620742
4,83,564.620742
4,84,564.620742
4,85,564.620742
4,86,564.620742
4,87,564.620742
4,88,564.620742
4,89,564.620742
4,90,564.620742
4,91,564.620742
4,92,564.620742
4,93,564.620742
4,94,564.620742
4,95,564.620742
4,96,564.620742
4,97,564.620742
4,98,564.620742
4,99,564.620742
5,0,346.390169
5,1,364.357633
5,2,403.388317
5,3,443.993930
5,4,443.993930
5,5,456.795067
5,6,480.252635
5,7,480.252635
5,8,481.829616
5,9,519.630176
5,10,519.630176
5,11,519.630176
5,12,519.630176
5,13,548.973561
5,14,548.973561
5,15,548.973561
5,16,548.973561
5,17,575.901591
5,18,575.901591
5,19,575.901591
5,20,575.901591
5,21,575.901591
5,22,575.901591
5,23,575.901591
5,24,575.901591
5,25,575.901591
5,26,575.901591
5,27,575.901591
5,28,575.901591
5,29,575.901591
5,30,575.901591
5,31,575.901591
5,32,575.901591
5,33,575.901591
5,34,575.901591
5,35,575.901591
5,36,575.901591
5,37,575.901591
5,38,575.901591
5,39,575.901591
5,40,575.901591
5,41,575.901591
5,42,575.901591
5,43,575.901591
5,44,575.901591
5,45,575.901591
5,46,575.901591
5,47,575.901591
5,48,575.901591
5,49,575.901591
5,50,575.901591
5,51,575.901591
5,52,575.901591
5,53,575.901591
5,54,575.901591
5,55,575.901591
5,56,575.901591
5,57,575.901591
5,58,575.901591
5,59,575.901591
5,60,575.901591
5,61,575.901591
5,62,575.901591
5,63,575.901591
5,64,575.901591
5,65,575.901591
5,66,575.901591
5,67,575.901591
5,68,575.901591
5,69,575.901591
5,70,575.901591
5,71,575.901591
5,72,575.901591
5,73,575.901591
5,74,575.901591
5,75,575.901591
5,76,575.901591
5,77,575.901591
5,78,575.901591
5,79,575.901591
5,80,575.901591
5,81,575.901591
5,82,575.901591
5,83,575.901591
5,84,575.901591
5,85,575.901591
5,86,575.901591
5,87,575.901591
5,88,575.901591
5,89,575.901591
5,90,575.901591
5,91,575.901591
5,92,575.901591
5,93,575.901591
5,94,575.901591
5,95,575.901591
5,96,575.901591
5,97,575.901591
5,98,575.901591
5,99,575.901591
6,0,370.572145
6,1,370.572145
6,2,370.572145
6,3,442.987498
6,4,452.417754
6,5,489.393838
6,6,489.393838
6,7,493.642824
6,8,499.580930
6,9,550.716531
6,10,550.716531
6,11,550.716531
6,12,550.716531
6,13,550.716531
6,14,550.716531
6,15,550.716531
6,16,550.716531
6,17,550.716531
6,18,550.716531
6,19,550.716531
6,20,550.716531
6,21,550.716531
6,22,550.716531
6,23,550.716531
6,24,565.072942
6,25,565.072942
6,26,565.072942
6,27,565.072942
6,28,565.072942
6,29,565.072942
6,30,565.072942
6,31,565.072942
6,32,565.072942
6,33,565.072942
6,34,565.072942
6,35,565.072942
6,36,565.072942
6,37,565.072942
6,38,565.072942
6,39,565.072942
6,40,565.072942
6,41,565.072942
6,42,565.072942
6,43,565.072942
6,44,565.072942
6,45,565.072942
6,46,565.072942
6,47,565.072942
6,48,565.072942
6,49,565.072942
6,50,565.072942
6,51,565.072942
6,52,565.072942
6,53,565.072942
6,54,565.072942
6,55,565.072942
6,56,565.072942
6,57,565.072942
6,58,565.072942
6,59,565.072942
6,60,565.072942
6,61,565.072942
6,62,565.072942
6,63,565.072942
6,64,565.072942
6,65,565.072942
6,66,565.072942
6,67,565.072942
6,68,565.072942
6,69,565.072942
6,70,565.072942
6,71,565.072942
6,72,565.072942
6,73,565.072942
6,74,565.072942
6,75,565.072942
6,76,565.072942
6,77,565.072942
6,78,565.072942
6,79,565.072942
6,80,565.072942
6,81,565.072942
6,82,565.072942
6,83,565.072942
6,84,565.072942
6,85,565.072942
6,86,565.072942
6,87,565.072942
6,88,565.072942
6,89,565.072942
6,90,565.072942
6,91,565.072942
6,92,565.072942
6,93,565.072942
6,94,565.072942
6,95,565.072942
6,96,565.072942
6,97,565.072942
6,98,565.072942
6,99,565.072942
7,0,386.668587
7,1,415.465162
7,2,415.465162
7,3,422.150602
7,4,492.464177
7,5,498.096501
7,6,498.096501
7,7,498.096501
7,8,498.096501
7,9,498.096501
7,10,510.259774
7,11,515.167838
7,12,521.947989
7,13,521.947989
7,14,521.947989
7,15,521.947989
7,16,527.836015
7,17,531.547818
7,18,531.547818
7,19,531.547818
7,20,547.267225
7,21,547.267225
7,22,547.267225
7,23,552.717557
7,24,552.717557
7,25,552.717557
7,26,552.717557
7,27,552.717557
7,28,552.717557
7,29,552.717557
7,30,552.717557
7,31,552.717557
7,32,561.731161
7,33,561.731161
7,34,561.731161
7,35,561.731161
7,36,561.731161
7,37,561.731161
7,38,561.731161
7,39,561.731161
7,40,561.731161
7,41,561.731161
7,42,561.731161
7,43,561.731161
7,44,561.731161
7,45,561.731161
7,46,561.731161
7,47,561.731161
7,48,561.731161
7,49,561.731161
7,50,561.731161
7,51,561.731161
7,52,561.731161
7,53,561.731161
7,54,561.731161
7,55,561.731161
7,56,561.731161
7,57,561.731161
7,58,568.853094
7,59,568.853094
7,60,568.853094
7,61,568.853094
7,62,568.853094
7,63,568.853094
7,64,568.853094
7,65,568.853094
7,66,568.853094
7,67,568.853094
7,68,568.853094
7,69,568.853094
7,70,568.853094
7,71,568.853094
7,72,568.853094
7,73,568.853094
7,74,568.853094
7,75,568.853094
7,76,568.853094
7,77,568.853094
7,78,568.853094
7,79,568.853094
7,80,568.853094
7,81,568.853094
7,82,568.853094
7,83,568.853094
7,84,568.853094
7,85,568.853094
7,86,568.853094
7,87,568.853094
7,88,568.853094
7,89,568.853094
7,90,568.853094
7,91,568.853094
7,92,568.853094
7,93,568.853094
7,94,568.853094
7,95,568.853094
7,96,568.853094
7,97,568.853094
7,98,568.853094
7,99,568.853094
8,0,306.442551
8,1,378.741470
8,2,386.909039
8,3,386.909039
8,4,406.769009
8,5,413.314061
8,6,424.844850
8,7,424.844850
8,8,454.860670
8,9,454.860670
8,10,454.860670
8,11,454.860670
8,12,468.333184
8,13,468.333184
8,14,473.258067
8,15,473.258067
8,16,473.263340
8,17,473.263340
8,18,473.263340
8,19,485.492027
8,20,485.492027
8,21,489.196655
8,22,489.196655
8,23,489.196655
8,24,489.196655
8,25,489.196655
8,26,489.196655
8,27,489.196655
8,28,489.196655
8,29,489.196655
8,30,489.196655
8,31,489.196655
8,32,489.196655
8,33,489.196655
8,34,489.196655
8,35,489.196655
8,36,489.196655
8,37,489.196655
8,38,489.196655
8,39,489.196655
8,40,489.196655
8,41,489.196655
8,42,489.196655
8,43,489.196655
8,44,490.817293
8,45,490.817293
8,46,490.817293
8,47,490.817293
8,48,490.817293
8,49,497.727150
8,50,500.378504
8,51,500.378504
8,52,500.378504
8,53,501.135800
8,54,509.166780
8,55,512.180646
8,56,512.180646
8,57,512.180646
8,58,512.180646
8,59,512.180646
8,60,512.180646
8,61,512.180646
8,62,512.180646
8,63,512.180646
8,64,512.180646
8,65,512.180646
8,66,512.180646
8,67,541.504377
8,68,541.504377
8,69,541.504377
8,70,541.504377
8,71,541.504377
8,72,541.504377
8,73,541.504377
8,74,541.504377
8,75,541.504377
8,76,541.504377
8,77,541.504377
8,78,541.504377
8,79,541.504377
8,80,541.504377
8,81,541.504377
8,82,541.504377
8,83,541.504377
8,84,541.504377
8,85,541.504377
8,86,541.504377
8,87,541.504377
8,88,541.504377
8,89,541.504377
8,90,541.504377
8,91,541.504377
8,92,541.504377
8,93,541.504377
8,94,541.504377
8,95,541.504377
8,96,541.504377
8,97,541.504377
8,98,541.504377
8,99,541.504377
9,0,293.297560
9,1,303.573957
9,2,303.573957
9,3,371.823284
9,4,375.493431
9,5,420.171727
9,6,431.998956
9,7,473.266797
9,8,489.812485
9,9,512.592138
9,10,512.592138
9,11,512.592138
9,12,517.996852
9,13,517.996852
9,14,517.996852
9,15,517.996852
9,16,517.996852
9,17,517.996852
9,18,517.996852
9,19,517.996852
9,20,517.996852
9,21,517.996852
9,22,517.996852
9,23,517.996852
9,24,538.081435
9,25,538.081435
9,26,538.081435
9,27,538.081435
9,28,538.081435
9,29,539.839541
9,30,539.839541
9,31,539.839541
9,32,543.912103
9,33,556.401092
9,34,556.401092
9,35,556.401092
9,36,556.401092
9,37,556.401092
9,38,556.401092
9,39,556.401092
9,40,556.401092
9,41,556.401092
9,42,556.401092
9,43,561.072035
9,44,561.072035
9,45,561.072035
9,46,561.072035
9,47,561.072035
9,48,561.072035
9,49,561.072035
9,50,561.072035
9,51,561.072035
9,52,561.072035
9,53,561.072035
9,54,561.072035
9,55,561.072035
9,56,561.072035
9,57,561.072035
9,58,561.072035
9,59,561.072035
9,60,561.072035
9,61,561.072035
9,62,561.072035
9,63,561.072035
9,64,561.072035
9,65,561.072035
9,66,561.072035
9,67,561.072035
9,68,561.072035
9,69,561.072035
9,70,561.072035
9,71,561.072035
9,72,561.072035
9,73,561.072035
9,74,561.072035
9,75,561.072035
9,76,561.072035
9,77,561.072035
9,78,561.072035
9,79,561.072035
9,80,561.072035
9,81,561.072035
9,82,561.072035
9,83,561.072035
9,84,561.072035
9,85,561.072035
9,86,561.072035
9,87,561.072035
9,88,561.072035
9,89,561.072035
9,90,561.072035
9,91,561.072035
9,92,561.072035
9,93,575.539229
9,94,575.539229
9,95,575.539229
9,96,575.539229
9,97,575.539229
9,98,575.539229
9,99,575.539229
10,0,291.066205
10,1,320.646957
10,2,370.779879
10,3,419.501621
10,4,469.327373
10,5,473.181088
10,6,527.460390
10,7,527.460390
10,8,562.397798
10,9,562.397798
10,10,562.397798
10,11,562.397798
10,12,562.397798
10,13,562.397798
10,14,562.397798
10,15,562.397798
10,16,562.397798
10,17,562.397798
10,18,562.397798
10,19,562.397798
10,20,562.397798
10,21,562.397798
10,22,562.397798
10,23,562.397798
10,24,562.397798
10,25,562.397798
10,26,562.397798
10,27,562.397798
10,28,562.397798
10,29,562.397798
10,30,562.397798
10,31,562.397798
10,32,562.397798
10,33,562.397798
10,34,562.397798
10,35,562.397798
10,36,562.397798
10,37,562.397798
10,38,562.397798
10,39,562.397798
10,40,562.397798
10,41,562.397798
10,42,562.397798
10,43,562.397798
10,44,562.397798
10,45,562.397798
10,46,562.397798
10,47,562.397798
10,48,562.397798
10,49,562.397798
10,50,562.397798
10,51,562.397798
10,52,562.397798
10,53,562.397798
10,54,562.397798
10,55,562.397798
10,56,562.397798
10,57,562.397798
10,58,562.397798
10,59,562.397798
10,60,562.397798
10,61,562.397798
10,62,562.397798
10,63,562.397798
10,64,562.397798
10,65,565.927561
10,66,565.927561
10,67,565.927561
10,68,565.927561
10,69,565.927561
10,70,565.927561
10,71,565.927561
10,72,565.927561
10,73,565.927561
10,74,565.927561
10,75,565.927561
10,76,565.927561
10,77,565.927561
10,78,565.927561
10,79,565.927561
10,80,565.927561
10,81,568.885685
10,82,568.885685
10,83,568.885685
10,84,568.885685
10,85,568.885685
10,86,568.885685
10,87,568.885685
10,88,568.885685
10,89,568.885685
10,90,568.885685
10,91,568.885685
10,92,568.885685
10,93,568.885685
10,94,568.885685
10,95,568.885685
10,96,568.885685
10,97,568.885685
10,98,568.885685
10,99,568.885685
11,0,397.189462
11,1,397.189462
11,2,405.721851
11,3,439.440320
11,4,497.325487
11,5,522.100785
11,6,543.084329
11,7,543.084329
11,8,543.084329
11,9,543.084329
11,10,552.363437
11,11,552.363437
11,12,552.363437
11,13,552.363437
11,14,552.363437
11,15,552.363437
11,16,552.363437
11,17,552.363437
11,18,552.363437
11,19,552.363437
11,20,552.363437
11,21,552.363437
11,22,552.363437
11,23,552.363437
11,24,552.363437
11,25,552.363437
11,26,552.363437
11,27,552.363437
11,28,552.363437
11,29,552.363437
11,30,552.363437
11,31,552.363437
11,32,552.363437
11,33,552.363437
11,34,552.363437
11,35,552.363437
11,36,552.363437
11,37,552.363437
11,38,552.363437
11,39,552.363437
11,40,552.363437
11,41,557.880480
11,42,557.880480
11,43,557.880480
11,44,557.880480
11,45,557.880480
11,46,557.880480
11,47,557.880480
11,48,557.880480
11,49,557.880480
11,50,557.880480
11,51,557.880480
11,52,557.880480
11,53,557.880480
11,54,557.880480
11,55,557.880480
11,56,557.880480
11,57,561.846899
11,58,561.846899
11,59,561.846899
11,60,561.846899
11,61,561.846899
11,62,561.846899
11,63,561.846899
11,64,561.846899
11,65,561.846899
11,66,561.846899
11,67,561.846899
11,68,561.846899
11,69,561.846899
11,70,561.846899
11,71,561.846899
11,72,561.846899
11,73,561.846899
11,74,561.846899
11,75,561.846899
11,76,561.846899
11,77,561.846899
11,78,561.846899
11,79,561.846899
11,80,561.846899
11,81,561.846899
11,82,561.846899
11,83,561.846899
11,84,561.846899
11,85,561.846899
11,86,561.846899
11,87,561.846899
11,88,561.846899
11,89,561.846899
11,90,561.846899
11,91,561.846899
11,92,561.846899
11,93,561.846899
11,94,561.846899
11,95,561.846899
11,96,561.846899
11,97,561.846899
11,98,561.846899
11,99,561.846899
12,0,353.967561
12,1,360.815099
12,2,395.400581
12,3,437.595502
12,4,509.591938
12,5,509.591938
12,6,529.963345
12,7,529.963345
12,8,529.963345
12,9,529.963345
12,10,533.897532
12,11,533.897532
12,12,533.897532
12,13,535.496530
12,14,535.496530
12,15,535.799002
12,16,535.799002
12,17,544.737517
12,18,544.737517
12,19,544.737517
12,20,544.737517
12,21,544.737517
12,22,544.737517
12,23,544.737517
12,24,544.737517
12,25,544.737517
12,26,544.737517
12,27,544.737517
12,28,544.737517
12,29,544.737517
12,30,544.737517
12,31,544.737517
12,32,544.737517
12,33,544.737517
12,34,544.737517
12,35,544.737517
12,36,544.737517
12,37,544.737517
12,38,544.737517
12,39,557.395701
12,40,557.395701
12,41,557.395701
12,42,557.395701
12,43,557.395701
12,44,557.395701
12,45,557.395701
12,46,557.395701
12,47,557.395701
12,48,557.395701
12,49,557.395701
12,50,557.395701
12,51,557.395701
12,52,557.395701
12,53,557.395701
12,54,557.395701
12,55,557.395701
12,56,557.395701
12,57,557.395701
12,58,557.395701
12,59,557.395701
12,60,557.395701
12,61,557.395701
12,62,557.395701
12,63,557.395701
12,64,557.395701
12,65,557.395701
12,66,557.395701
12,67,557.395701
12,68,557.395701
12,69,557.395701
12,70,557.395701
12,71,557.395701
12,72,557.395701
12,73,557.395701
12,74,557.395701
12,75,557.395701
12,76,557.395701
12,77,557.395701
12,78,557.395701
12,79,557.395701
12,80,557.395701
12,81,557.395701
12,82,557.395701
12,83,557.395701
12,84,557.395701
12,85,557.395701
12,86,557.395701
12,87,557.395701
12,88,557.395701
12,89,557.395701
12,90,557.395701
12,91,557.395701
12,92,557.395701
12,93,557.395701
12,94,557.395701
12,95,557.395701
12,96,557.395701
12,97,557.395701
12,98,557.395701
12,99,557.395701
13,0,362.592345
13,1,395.476937
13,2,431.247424
13,3,439.056983
13,4,490.415135
13,5,495.974590
13,6,538.038087
13,7,538.038087
13,8,538.038087
13,9,538.038087
13,10,538.038087
13,11,538.038087
13,12,538.038087
13,13,538.038087
13,14,538.038087
13,15,538.038087
13,16,538.038087
13,17,595.035856
13,18,595.035856
13,19,595.035856
13,20,595.035856
13,21,595.035856
13,22,595.035856
13,23,595.035856
13,24,595.035856
13,25,595.035856
13,26,595.035856
13,27,595.035856
13,28,595.035856
13,29,595.035856
13,30,595.035856
13,31,595.035856
13,32,595.035856
13,33,595.035856
13,34,595.035856
13,35,595.035856
13,36,595.035856
13,37,595.035856
13,38,595.035856
13,39,595.035856
13,40,595.035856
13,41,595.035856
13,42,595.035856
13,43,595.035856
13,44,595.035856
13,45,595.035856
13,46,595.035856
13,47,595.035856
13,48,595.035856
13,49,595.035856
13,50,595.035856
13,51,595.035856
13,52,595.035856
13,53,595.035856
13,54,595.035856
13,55,595.035856
13,56,595.035856
13,57,595.035856
13,58,595.035856
13,59,595.035856
13,60,595.035856
13,61,595.035856
13,62,595.035856
13,63,595.035856
13,64,595.035856
13,65,595.035856
13,66,595.035856
13,67,595.035856
13,68,595.035856
13,69,595.035856
13,70,595.035856
13,71,595.035856
13,72,595.035856
13,73,595.035856
13,74,595.035856
13,75,595.035856
13,76,595.035856
13,77,595.035856
13,78,595.035856
13,79,595.035856
13,80,595.035856
13,81,595.035856
13,82,595.035856
13,83,595.035856
13,84,595.035856
13,85,595.035856
13,86,595.035856
13,87,595.035856
13,88,595.035856
13,89,595.035856
13,90,595.035856
13,91,595.035856
13,92,595.035856
13,93,595.035856
13,94,595.035856
13,95,595.035856
13,96,595.035856
13,97,595.035856
13,98,595.035856
13,99,595.035856
14,0,242.010254
14,1,290.314439
14,2,356.284112
14,3,420.010215
14,4,444.148943
14,5,500.093073
14,6,502.131802
14,7,502.131802
14,8,502.131802
14,9,517.306352
14,10,569.616791
14,11,569.616791
14,12,569.616791
14,13,569.616791
14,14,569.616791
14,15,569.616791
14,16,569.616791
14,17,569.616791
14,18,569.616791
14,19,569.616791
14,20,569.616791
14,21,569.616791
14,22,569.616791
14,23,569.616791
14,24,569.616791
14,25,569.616791
14,26,569.616791
14,27,569.616791
14,28,569.616791
14,29,569.616791
14,30,569.616791
14,31,569.616791
14,32,569.616791
14,33,569.616791
14,34,569.616791
14,35,569.616791
14,36,569.616791
14,37,569.616791
14,38,569.616791
14,39,569.616791
14,40,569.616791
14,41,569.616791
14,42,569.616791
14,43,569.616791
14,44,569.616791
14,45,569.616791
14,46,569.616791
14,47,569.616791
14,48,569.616791
14,49,569.616791
14,50,569.616791
14,51,569.616791
14,52,569.616791
14,53,569.616791
14,54,569.616791
14,55,569.616791
14,56,569.616791
14,57,569.616791
14,58,569.616791
14,59,569.616791
14,60,569.616791
14,61,569.616791
14,62,569.616791
14,63,569.616791
14,64,569.616791
14,65,569.616791
14,66,569.616791
14,67,569.616791
14,68,569.616791
14,69,569.616791
14,70,569.616791
14,71,569.616791
14,72,569.616791
14,73,569.616791
14,74,569.616791
14,75,569.616791
14,76,569.616791
14,77,569.616791
14,78,569.616791
14,79,569.616791
14,80,569.616791
14,81,569.616791
14,82,569.616791
14,83,569.616791
14,84,569.616791
14,85,569.616791
14,86,569.616791
14,87,569.616791
14,88,569.616791
14,89,569.616791
14,90,569.616791
14,91,569.616791
14,92,569.616791
14,93,569.616791
14,94,569.616791
14,95,569.616791
14,96,569.616791
14,97,569.616791
14,98,569.616791
14,99,569.616791
15,0,351.336798
15,1,361.598314
15,2,417.405413
15,3,443.292862
15,4,459.754783
15,5,468.071017
15,6,485.358044
15,7,488.941928
15,8,496.385087
15,9,498.072525
15,10,507.286459
15,11,507.286459
15,12,507.286459
15,13,507.286459
15,14,514.081173
15,15,514.081173
15,16,514.081173
15,17,514.081173
15,18,514.081173
15,19,514.081173
15,20,514.081173
15,21,514.081173
15,22,514.081173
15,23,514.081173
15,24,514.081173
15,25,525.051109
15,26,525.051109
15,27,538.980766
15,28,538.980766
15,29,538.980766
15,30,538.980766
15,31,538.980766
15,32,538.980766
15,33,538.980766
15,34,538.980766
15,35,538.980766
15,36,538.980766
15,37,538.980766
15,38,538.980766
15,39,548.908092
15,40,548.908092
15,41,548.908092
15,42,548.908092
15,43,548.908092
15,44,550.625914
15,45,550.625914
15,46,550.625914
15,47,550.625914
15,48,550.625914
15,49,550.625914
15,50,550.625914
15,51,550.625914
15,52,550.625914
15,53,550.625914
15,54,550.625914
15,55,550.625914
15,56,550.625914
15,57,550.625914
15,58,550.625914
15,59,550.625914
15,60,550.625914
15,61,550.625914
15,62,550.625914
15,63,550.625914
15,64,550.625914
15,65,550.625914
15,66,550.625914
15,67,550.625914
15,68,550.625914
15,69,550.625914
15,70,550.625914
15,71,550.625914
15,72,550.625914
15,73,550.625914
15,74,550.625914
15,75,550.625914
15,76,550.625914
15,77,550.625914
15,78,550.625914
15,79,550.625914
15,80,550.625914
15,81,550.625914
15,82,550.625914
15,83,550.625914
15,84,550.625914
15,85,550.625914
15,86,550.625914
15,87,550.625914
15,88,550.625914
15,89,550.625914
15,90,550.625914
15,91,550.625914
15,92,550.625914
15,93,550.625914
15,94,550.625914
15,95,550.625914
15,96,550.625914
15,97,550.625914
15,98,550.625914
15,99,550.625914
16,0,373.511293
16,1,441.559264
16,2,455.503036
16,3,494.945604
16,4,494.945604
16,5,494.945604
16,6,494.945604
16,7,494.945604
16,8,494.945604
16,9,494.945604
16,10,494.945604
16,11,494.945604
16,12,494.945604
16,13,494.945604
16,14,494.945604
16,15,494.945604
16,16,494.945604
16,17,494.945604
16,18,494.945604
16,19,494.945604
16,20,494.945604
16,21,495.084084
16,22,513.820828
16,23,513.820828
16,24,513.820828
16,25,513.820828
16,26,513.820828
16,27,513.820828
16,28,513.820828
16,29,513.820828
16,30,513.820828
16,31,513.820828
16,32,513.820828
16,33,513.820828
16,34,513.820828
16,35,513.820828
16,36,513.820828
16,37,513.820828
16,38,516.853600
16,39,516.853600
16,40,516.853600
16,41,516.853600
16,42,516.853600
16,43,521.303650
16,44,521.303650
16,45,521.303650
16,46,521.303650
16,47,521.303650
16,48,532.929420
16,49,532.929420
16,50,532.929420
16,51,532.929420
16,52,532.929420
16,53,532.929420
16,54,532.929420
16,55,532.929420
16,56,532.929420
16,57,532.929420
16,58,532.929420
16,59,532.929420
16,60,532.929420
16,61,532.929420
16,62,535.212395
16,63,535.212395
16,64,535.212395
16,65,535.212395
16,66,535.212395
16,67,535.212395
16,68,535.212395
16,69,535.212395
16,70,535.212395
16,71,535.212395
16,72,535.212395
16,73,535.212395
16,74,535.212395
16,75,535.212395
16,76,535.212395
16,77,535.212395
16,78,535.212395
16,79,535.212395
16,80,535.212395
16,81,595.010057
16,82,595.010057
16,83,595.010057
16,84,595.010057
16,85,595.010057
16,86,595.010057
16,87,595.010057
16,88,595.010057
16,89,595.010057
16,90,595.010057
16,91,595.010057
16,92,595.010057
16,93,595.010057
16,94,595.010057
16,95,595.010057
16,96,595.010057
16,97,595.010057
16,98,595.010057
16,99,595.010057
17,0,342.757579
17,1,388.382109
17,2,388.382109
17,3,397.905406
17,4,400.924580
17,5,402.980935
17,6,424.382971
17,7,443.780649
17,8,485.627863
17,9,494.590145
17,10,494.590145
17,11,494.590145
17,12,506.973221
17,13,506.973221
17,14,506.973221
17,15,506.973221
17,16,506.973221
17,17,506.973221
17,18,531.182761
17,19,531.182761
17,20,531.182761
17,21,531.182761
17,22,531.182761
17,23,531.182761
17,24,531.182761
17,25,531.182761
17,26,531.182761
17,27,531.182761
17,28,531.182761
17,29,531.182761
17,30,531.182761
17,31,531.182761
17,32,531.182761
17,33,531.182761
17,34,531.182761
17,35,531.182761
17,36,531.182761
17,37,531.182761
17,38,531.182761
17,39,531.182761
17,40,531.182761
17,41,549.190238
17,42,549.190238
17,43,549.190238
17,44,549.190238
17,45,549.190238
17,46,549.190238
17,47,549.190238
17,48,549.190238
17,49,549.190238
17,50,549.190238
17,51,549.190238
17,52,549.190238
17,53,549.190238
17,54,549.190238
17,55,549.190238
17,56,549.190238
17,57,549.190238
17,58,549.190238
17,59,549.190238
17,60,549.190238
17,61,549.190238
17,62,549.190238
17,63,549.190238
17,64,549.190238
17,65,549.190238
17,66,549.190238
17,67,549.190238
17,68,549.190238
17,69,549.190238
17,70,549.190238
17,71,549.190238
17,72,549.190238
17,73,549.190238
17,74,549.190238
17,75,549.190238
17,76,549.190238
17,77,549.190238
17,78,549.190238
17,79,549.190238
17,80,549.190238
17,81,549.190238
17,82,549.190238
17,83,549.190238
17,84,549.190238
17,85,549.190238
17,86,549.190238
17,87,549.190238
17,88,549.190238
17,89,549.190238
17,90,549.190238
17,91,549.190238
17,92,549.190238
17,93,549.190238
17,94,549.190238
17,95,549.190238
17,96,549.190238
17,97,549.190238
17,98,549.190238
17,99,549.190238
18,0,361.477969
18,1,420.908594
18,2,455.235853
18,3,464.804934
18,4,492.663125
18,5,506.354836
18,6,506.354836
18,7,506.354836
18,8,508.074646
18,9,508.074646
18,10,522.181356
18,11,530.520368
18,12,530.520368
18,13,530.520368
18,14,539.780100
18,15,539.780100
18,16,539.780100
18,17,539.780100
18,18,539.780100
18,19,539.780100
18,20,539.780100
18,21,539.780100
18,22,539.780100
18,23,539.780100
18,24,539.780100
18,25,539.780100
18,26,539.780100
18,27,539.780100
18,28,539.780100
18,29,539.780100
18,30,539.780100
18,31,539.780100
18,32,539.780100
18,33,539.780100
18,34,539.780100
18,35,539.780100
18,36,546.708850
18,37,555.441543
18,38,555.441543
18,39,555.441543
18,40,555.441543
18,41,555.441543
18,42,555.441543
18,43,555.441543
18,44,555.441543
18,45,555.441543
18,46,555.441543
18,47,555.441543
18,48,555.441543
18,49,555.441543
18,50,555.441543
18,51,555.441543
18,52,555.441543
18,53,555.441543
18,54,555.441543
18,55,555.441543
18,56,555.441543
18,57,555.441543
18,58,555.441543
18,59,555.441543
18,60,555.441543
18,61,555.441543
18,62,555.441543
18,63,555.441543
18,64,555.441543
18,65,555.441543
18,66,555.441543
18,67,555.441543
18,68,555.441543
18,69,555.441543
18,70,555.441543
18,71,555.441543
18,72,555.441543
18,73,555.441543
18,74,555.441543
18,75,597.210058
18,76,597.210058
18,77,597.210058
18,78,597.210058
18,79,597.210058
18,80,597.210058
18,81,597.210058
18,82,597.210058
18,83,597.210058
18,84,597.210058
18,85,597.210058
18,86,597.210058
18,87,597.210058
18,88,597.210058
18,89,597.210058
18,90,597.210058
18,91,597.210058
18,92,597.210058
18,93,597.210058
18,94,597.210058
18,95,597.210058
18,96,597.210058
18,97,597.210058
18,98,597.210058
18,99,597.210058
19,0,317.009502
19,1,317.009502
19,2,317.009502
19,3,339.139306
19,4,371.042858
19,5,415.718344
19,6,415.718344
19,7,424.695702
19,8,464.616456
19,9,464.616456
19,10,475.691135
19,11,475.691135
19,12,486.815034
19,13,515.979808
19,14,516.963768
19,15,518.128416
19,16,518.128416
19,17,518.128416
19,18,518.128416
19,19,518.128416
19,20,518.128416
19,21,518.128416
19,22,518.128416
19,23,518.128416
19,24,518.128416
19,25,518.128416
19,26,518.128416
19,27,518.128416
19,28,518.128416
19,29,518.128416
19,30,518.128416
19,31,518.128416
19,32,518.128416
19,33,518.128416
19,34,518.128416
19,35,518.128416
19,36,518.128416
19,37,518.128416
19,38,518.128416
19,39,518.128416
19,40,518.128416
19,41,518.128416
19,42,518.128416
19,43,518.128416
19,44,518.128416
19,45,538.469227
19,46,538.469227
19,47,538.469227
19,48,538.469227
19,49,538.469227
19,50,538.469227
19,51,538.469227
19,52,538.469227
19,53,538.469227
19,54,538.469227
19,55,538.469227
19,56,538.469227
19,57,538.469227
19,58,538.469227
19,59,538.469227
19,60,538.469227
19,61,538.469227
19,62,538.469227
19,63,538.469227
19,64,546.817115
19,65,546.817115
19,66,546.817115
19,67,546.817115
19,68,546.817115
19,69,546.817115
19,70,554.198405
19,71,554.198405
19,72,556.842231
19,73,556.842231
19,74,556.842231
19,75,556.842231
19,76,556.842231
19,77,556.842231
19,78,556.842231
19,79,556.842231
19,80,556.842231
19,81,556.842231
19,82,556.842231
19,83,556.842231
19,84,556.842231
19,85,556.842231
19,86,556.842231
19,87,556.842231
19,88,556.842231
19,89,556.842231
19,90,556.842231
19,91,556.842231
19,92,556.842231
19,93,587.547291
19,94,587.547291
19,95,587.547291
19,96,587.547291
19,97,587.547291
19,98,587.547291
19,99,587.547291
20,0,295.664601
20,1,306.191015
20,2,315.366812
20,3,359.836307
20,4,416.900764
20,5,454.579661
20,6,467.686277
20,7,506.086895
20,8,506.427346
20,9,506.427346
20,10,506.427346
20,11,516.195907
20,12,516.195907
20,13,516.195907
20,14,545.311474
20,15,545.311474
20,16,545.311474
20,17,545.311474
20,18,545.311474
20,19,545.311474
20,20,545.311474
20,21,545.311474
20,22,545.311474
20,23,545.311474
20,24,557.096386
20,25,557.096386
20,26,557.096386
20,27,557.096386
20,28,557.096386
20,29,557.096386
20,30,557.096386
20,31,557.096386
20,32,557.096386
20,33,557.096386
20,34,557.096386
20,35,557.096386
20,36,557.096386
20,37,557.096386
20,38,557.096386
20,39,557.096386
20,40,557.096386
20,41,557.096386
20,42,557.096386
20,43,557.096386
20,44,557.096386
20,45,557.096386
20,46,557.096386
20,47,557.096386
20,48,557.096386
20,49,557.096386
20,50,557.096386
20,51,557.096386
20,52,557.096386
20,53,557.096386
20,54,557.096386
20,55,557.096386
20,56,557.096386
20,57,557.096386
20,58,557.096386
20,59,557.096386
20,60,557.096386
20,61,557.096386
20,62,557.096386
20,63,557.096386
20,64,557.096386
20,65,557.096386
20,66,557.096386
20,67,557.096386
20,68,557.096386
20,69,557.096386
20,70,557.096386
20,71,557.096386
20,72,557.096386
20,73,557.096386
20,74,557.096386
20,75,557.096386
20,76,557.096386
20,77,562.008810
20,78,562.008810
20,79,562.008810
20,80,562.008810
20,81,562.008810
20,82,562.008810
20,83,562.008810
20,84,562.008810
20,85,562.008810
20,86,562.008810
20,87,562.008810
20,88,562.008810
20,89,562.008810
20,90,562.008810
20,91,562.008810
20,92,562.008810
20,93,562.008810
20,94,562.008810
20,95,562.008810
20,96,562.008810
20,97,562.008810
20,98,562.008810
20,99,562.008810
21,0,359.324249
21,1,361.768830
21,2,424.046898
21,3,446.668319
21,4,470.790448
21,5,478.951223
21,6,491.540041
21,7,491.540041
21,8,499.223356
21,9,499.223356
21,10,514.487651
21,11,514.487651
21,12,514.487651
21,13,522.216073
21,14,522.216073
21,15,522.216073
21,16,522.216073
21,17,522.216073
21,18,522.216073
21,19,522.216073
21,20,522.216073
21,21,522.216073
21,22,522.216073
21,23,535.691611
21,24,535.691611
21,25,535.691611
21,26,535.691611
21,27,535.691611
21,28,535.691611
21,29,535.691611
21,30,535.691611
21,31,535.691611
21,32,535.691611
21,33,535.691611
21,34,535.691611
21,35,535.691611
21,36,535.691611
21,37,543.618512
21,38,543.618512
21,39,543.618512
21,40,543.618512
21,41,543.618512
21,42,543.618512
21,43,543.618512
21,44,543.618512
21,45,543.618512
21,46,543.618512
21,47,543.618512
21,48,543.618512
21,49,543.618512
21,50,543.618512
21,51,543.618512
21,52,543.618512
21,53,543.618512
21,54,543.618512
21,55,543.618512
21,56,543.618512
21,57,543.618512
21,58,543.618512
21,59,548.360152
21,60,548.360152
21,61,548.360152
21,62,548.360152
21,63,548.360152
21,64,548.360152
21,65,548.360152
21,66,548.360152
21,67,548.360152
21,68,548.360152
21,69,548.360152
21,70,548.360152
21,71,548.360152
21,72,548.360152
21,73,548.360152
21,74,548.360152
21,75,548.360152
21,76,548.360152
21,77,548.360152
21,78,548.360152
21,79,548.360152
21,80,548.360152
21,81,548.360152
21,82,548.360152
21,83,548.360152
21,84,548.360152
21,85,548.360152
21,86,548.360152
21,87,548.360152
21,88,548.360152
21,89,548.360152
21,90,548.360152
21,91,548.360152
21,92,548.360152
21,93,548.360152
21,94,548.360152
21,95,548.360152
21,96,548.360152
21,97,548.360152
21,98,548.360152
21,99,548.360152
22,0,385.929545
22,1,391.835006
22,2,394.130270
22,3,453.898249
22,4,475.804344
22,5,493.072555
22,6,493.072555
22,7,499.562743
22,8,534.239356
22,9,534.239356
22,10,534.239356
22,11,534.239356
22,12,534.239356
22,13,534.239356
22,14,534.239356
22,15,534.239356
22,16,534.239356
22,17,534.239356
22,18,534.239356
22,19,539.269858
22,20,539.269858
22,21,539.469509
22,22,539.469509
22,23,539.469509
22,24,539.469509
22,25,539.469509
22,26,539.469509
22,27,549.571501
22,28,549.571501
22,29,549.571501
22,30,549.571501
22,31,549.571501
22,32,549.571501
22,33,549.571501
22,34,549.571501
22,35,549.571501
22,36,549.571501
22,37,549.571501
22,38,549.571501
22,39,549.571501
22,40,549.571501
22,41,549.571501
22,42,549.571501
22,43,549.571501
22,44,549.571501
22,45,549.571501
22,46,563.089271
22,47,563.089271
22,48,563.089271
22,49,563.089271
22,50,563.089271
22,51,563.089271
22,52,563.089271
22,53,563.089271
22,54,563.097846
22,55,563.097846
22,56,563.097846
22,57,563.097846
22,58,575.768469
22,59,575.768469
22,60,575.768469
22,61,575.768469
22,62,575.768469
22,63,575.768469
22,64,575.768469
22,65,575.768469
22,66,575.768469
22,67,575.768469
22,68,575.768469
22,69,575.768469
22,70,575.768469
22,71,575.768469
22,72,575.768469
22,73,575.768469
22,74,575.768469
22,75,575.768469
22,76,575.768469
22,77,575.768469
22,78,575.768469
22,79,575.768469
22,80,575.768469
22,81,575.768469
22,82,575.768469
22,83,575.768469
22,84,575.768469
22,85,575.768469
22,86,575.768469
22,87,575.768469
22,88,575.768469
22,89,575.768469
22,90,575.768469
22,91,575.768469
22,92,575.768469
22,93,575.768469
22,94,575.768469
22,95,575.768469
22,96,575.768469
22,97,575.768469
22,98,575.768469
22,99,575.768469
23,0,417.464640
23,1,417.464640
23,2,426.201239
23,3,447.495111
23,4,494.388413
23,5,494.388413
23,6,494.388413
23,7,494.388413
23,8,494.388413
23,9,508.661469
23,10,508.661469
23,11,508.661469
23,12,508.661469
23,13,509.659447
23,14,520.825805
23,15,529.356190
23,16,529.356190
23,17,529.356190
23,18,529.356190
23,19,529.356190
23,20,529.356190
23,21,529.356190
23,22,529.356190
23,23,529.356190
23,24,529.356190
23,25,529.356190
23,26,529.356190
23,27,529.356190
23,28,529.356190
23,29,529.356190
23,30,529.356190
23,31,529.356190
23,32,529.356190
23,33,529.356190
23,34,539.186910
23,35,539.186910
23,36,539.186910
23,37,539.186910
23,38,539.186910
23,39,539.186910
23,40,539.186910
23,41,539.186910
23,42,539.186910
23,43,539.186910
23,44,539.186910
23,45,539.186910
23,46,539.186910
23,47,539.186910
23,48,539.186910
23,49,541.213705
23,50,541.213705
23,51,541.213705
23,52,541.213705
23,53,541.213705
23,54,541.213705
23,55,541.213705
23,56,541.213705
23,57,541.213705
23,58,541.213705
23,59,541.213705
23,60,541.213705
23,61,541.213705
23,62,541.213705
23,63,541.213705
23,64,541.213705
23,65,541.213705
23,66,541.213705
23,67,541.213705
23,68,541.213705
23,69,541.213705
23,70,541.213705
23,71,541.213705
23,72,541.213705
23,73,541.213705
23,74,541.213705
23,75,541.213705
23,76,541.213705
23,77,541.213705
23,78,541.213705
23,79,541.213705
23,80,541.213705
23,81,541.213705
23,82,541.213705
23,83,541.213705
23,84,541.213705
23,85,541.213705
23,86,541.213705
23,87,541.213705
23,88,562.050577
23,89,562.050577
23,90,562.050577
23,91,562.050577
23,92,562.050577
23,93,562.050577
23,94,562.050577
23,95,562.050577
23,96,562.050577
23,97,562.050577
23,98,562.050577
23,99,562.050577
24,0,291.617526
24,1,302.330277
24,2,337.858589
24,3,409.523318
24,4,429.015866
24,5,452.918668
24,6,469.519315
24,7,488.087471
24,8,512.342623
24,9,512.342623
24,10,512.342623
24,11,512.342623
24,12,512.342623
24,13,512.342623
24,14,518.944563
24,15,518.944563
24,16,540.313799
24,17,540.313799
24,18,540.313799
24,19,542.564755
24,20,542.564755
24,21,542.564755
24,22,542.564755
24,23,542.564755
24,24,542.564755
24,25,542.564755
24,26,542.564755
24,27,542.564755
24,28,542.564755
24,29,542.564755
24,30,542.564755
24,31,542.564755
24,32,542.564755
24,33,542.564755
24,34,542.564755
24,35,542.564755
24,36,542.564755
24,37,542.564755
24,38,542.564755
24,39,542.564755
24,40,542.564755
24,41,542.564755
24,42,542.564755
24,43,542.564755
24,44,542.564755
24,45,542.564755
24,46,542.564755
24,47,542.564755
24,48,542.564755
24,49,542.564755
24,50,542.564755
24,51,542.564755
24,52,542.564755
24,53,542.564755
24,54,542.564755
24,55,542.564755
24,56,542.564755
24,57,542.564755
24,58,542.564755
24,59,551.907135
24,60,551.907135
24,61,551.907135
24,62,551.907135
24,63,551.907135
24,64,551.907135
24,65,551.907135
24,66,551.907135
24,67,551.907135
24,68,551.907135
24,69,551.907135
24,70,551.907135
24,71,551.907135
24,72,551.907135
24,73,551.907135
24,74,551.907135
24,75,551.907135
24,76,551.907135
24,77,551.907135
24,78,551.907135
24,79,551.907135
24,80,551.907135
24,81,551.907135
24,82,551.907135
24,83,551.907135
24,84,551.907135
24,85,551.907135
24,86,551.907135
24,87,551.907135
24,88,551.907135
24,89,551.907135
24,90,551.907135
24,91,551.907135
24,92,551.907135
24,93,551.907135
24,94,551.907135
24,95,551.907135
24,96,551.907135
24,97,551.907135
24,98,551.907135
24,99,551.907135
25,0,418.005649
25,1,418.005649
25,2,418.005649
25,3,443.653596
25,4,443.653596
25,5,472.535231
25,6,472.535231
25,7,472.535231
25,8,478.425391
25,9,490.675802
25,10,507.303993
25,11,507.303993
25,12,527.558592
25,13,527.558592
25,14,527.558592
25,15,527.558592
25,16,529.441848
25,17,529.441848
25,18,529.441848
25,19,529.441848
25,20,529.441848
25,21,529.441848
25,22,529.441848
25,23,529.441848
25,24,529.441848
25,25,529.441848
25,26,529.502160
25,27,532.359919
25,28,532.359919
25,29,532.359919
25,30,532.359919
25,31,532.359919
25,32,532.359919
25,33,532.359919
25,34,532.359919
25,35,532.359919
25,36,532.359919
25,37,532.359919
25,38,532.359919
25,39,532.359919
25,40,532.359919
25,41,558.995754
25,42,558.995754
25,43,558.995754
25,44,558.995754
25,45,558.995754
25,46,558.995754
25,47,558.995754
25,48,558.995754
25,49,558.995754
25,50,558.995754
25,51,558.995754
25,52,558.995754
25,53,558.995754
25,54,558.995754
25,55,558.995754
25,56,558.995754
25,57,558.995754
25,58,558.995754
25,59,558.995754
25,60,558.995754
25,61,558.995754
25,62,558.995754
25,63,568.977310
25,64,568.977310
25,65,568.977310
25,66,568.977310
25,67,568.977310
25,68,568.977310
25,69,568.977310
25,70,568.977310
25,71,568.977310
25,72,568.977310
25,73,568.977310
25,74,568.977310
25,75,568.977310
25,76,568.977310
25,77,568.977310
25,78,568.977310
25,79,568.977310
25,80,568.977310
25,81,568.977310
25,82,568.977310
25,83,568.977310
25,84,568.977310
25,85,568.977310
25,86,568.977310
25,87,568.977310
25,88,568.977310
25,89,568.977310
25,90,568.977310
25,91,568.977310
25,92,568.977310
25,93,568.977310
25,94,568.977310
25,95,568.977310
25,96,568.977310
25,97,568.977310
25,98,568.977310
25,99,568.977310
26,0,281.805517
26,1,291.555691
26,2,371.884350
26,3,397.796296
26,4,397.796296
26,5,423.684448
26,6,437.012794
26,7,461.736935
26,8,474.988812
26,9,474.988812
26,10,474.988812
26,11,475.787516
26,12,475.787516
26,13,475.787516
26,14,475.787516
26,15,494.084649
26,16,494.084649
26,17,494.084649
26,18,494.084649
26,19,494.084649
26,20,494.084649
26,21,513.896603
26,22,513.896603
26,23,526.280823
26,24,526.280823
26,25,526.280823
26,26,526.280823
26,27,526.280823
26,28,526.280823
26,29,526.280823
26,30,526.280823
26,31,526.280823
26,32,526.280823
26,33,526.280823
26,34,526.280823
26,35,526.280823
26,36,526.280823
26,37,526.280823
26,38,526.280823
26,39,526.280823
26,40,526.280823
26,41,529.312150
26,42,529.312150
26,43,529.312150
26,44,529.312150
26,45,529.312150
26,46,529.312150
26,47,534.991123
26,48,534.991123
26,49,534.991123
26,50,534.991123
26,51,534.991123
26,52,534.991123
26,53,534.991123
26,54,534.991123
26,55,534.991123
26,56,534.991123
26,57,534.991123
26,58,534.991123
26,59,534.991123
26,60,534.991123
26,61,534.991123
26,62,534.991123
26,63,534.991123
26,64,534.991123
26,65,534.991123
26,66,543.065398
26,67,543.065398
26,68,543.065398
26,69,543.065398
26,70,543.065398
26,71,543.065398
26,72,543.065398
26,73,543.065398
26,74,543.065398
26,75,543.065398
26,76,543.065398
26,77,543.065398
26,78,543.065398
26,79,543.065398
26,80,543.065398
26,81,543.065398
26,82,543.065398
26,83,543.065398
26,84,594.145390
26,85,594.145390
26,86,594.145390
26,87,594.145390
26,88,594.145390
26,89,594.145390
26,90,594.145390
26,91,594.145390
26,92,594.145390
26,93,594.145390
26,94,594.145390
26,95,594.145390
26,96,594.145390
26,97,594.145390
26,98,594.145390
26,99,594.145390
27,0,386.230742
27,1,386.230742
27,2,433.766940
27,3,444.856613
27,4,472.421688
27,5,500.642536
27,6,506.168926
27,7,523.092571
27,8,523.092571
27,9,523.092571
27,10,542.594026
27,11,542.594026
27,12,554.647172
27,13,554.647172
27,14,554.647172
27,15,554.647172
27,16,554.647172
27,17,554.647172
27,18,554.647172
27,19,554.647172
27,20,554.647172
27,21,554.647172
27,22,554.647172
27,23,554.647172
27,24,554.647172
27,25,554.647172
27,26,554.647172
27,27,554.647172
27,28,554.647172
27,29,554.647172
27,30,554.647172
27,31,554.647172
27,32,554.647172
27,33,554.647172
27,34,554.647172
27,35,554.647172
27,36,554.647172
27,37,554.647172
27,38,554.647172
27,39,554.647172
27,40,554.647172
27,41,554.647172
27,42,554.647172
27,43,554.647172
27,44,554.647172
27,45,554.647172
27,46,554.647172
27,47,554.647172
27,48,554.647172
27,49,554.647172
27,50,554.647172
27,51,554.647172
27,52,554.647172
27,53,554.647172
27,54,554.647172
27,55,554.647172
27,56,554.647172
27,57,554.647172
27,58,554.647172
27,59,554.647172
27,60,554.647172
27,61,554.647172
27,62,554.903170
27,63,554.903170
27,64,557.386421
27,65,557.386421
27,66,557.386421
27,67,557.386421
27,68,557.386421
27,69,557.386421
27,70,557.386421
27,71,557.386421
27,72,557.386421
27,73,557.386421
27,74,557.386421
27,75,557.386421
27,76,557.386421
27,77,557.386421
27,78,557.386421
27,79,557.386421
27,80,557.386421
27,81,557.386421
27,82,557.386421
27,83,557.386421
27,84,557.386421
27,85,557.386421
27,86,557.386421
27,87,557.386421
27,88,557.386421
27,89,557.386421
27,90,557.386421
27,91,557.386421
27,92,557.386421
27,93,578.491394
27,94,578.491394
27,95,578.491394
27,96,578.491394
27,97,578.491394
27,98,578.491394
27,99,578.491394
28,0,424.941029
28,1,424.941029
28,2,466.797986
28,3,515.624610
28,4,515.624610
28,5,515.624610
28,6,515.624610
28,7,515.624610
28,8,515.624610
28,9,515.624610
28,10,515.624610
28,11,515.624610
28,12,535.241386
28,13,535.241386
28,14,535.241386
28,15,535.241386
28,16,535.241386
28,17,535.241386
28,18,535.241386
28,19,535.241386
28,20,535.241386
28,21,535.241386
28,22,535.241386
28,23,535.241386
28,24,535.241386
28,25,535.241386
28,26,535.241386
28,27,535.241386
28,28,535.241386
28,29,535.241386
28,30,535.241386
28,31,535.241386
28,32,535.241386
28,33,535.241386
28,34,535.241386
28,35,535.241386
28,36,535.241386
28,37,542.416218
28,38,542.416218
28,39,542.416218
28,40,542.416218
28,41,542.416218
28,42,542.416218
28,43,542.416218
28,44,542.416218
28,45,542.416218
28,46,542.416218
28,47,542.416218
28,48,542.416218
28,49,542.416218
28,50,542.416218
28,51,542.416218
28,52,542.416218
28,53,542.416218
28,54,542.416218
28,55,542.416218
28,56,542.416218
28,57,542.416218
28,58,542.416218
28,59,542.416218
28,60,542.416218
28,61,542.416218
28,62,542.416218
28,63,542.416218
28,64,542.416218
28,65,542.416218
28,66,542.416218
28,67,542.416218
28,68,542.416218
28,69,542.416218
28,70,542.416218
28,71,542.416218
28,72,542.416218
28,73,542.416218
28,74,542.416218
28,75,542.416218
28,76,542.416218
28,77,542.416218
28,78,542.416218
28,79,542.416218
28,80,542.416218
28,81,542.416218
28,82,542.416218
28,83,547.326061
28,84,547.326061
28,85,547.326061
28,86,547.326061
28,87,547.326061
28,88,547.326061
28,89,547.326061
28,90,547.326061
28,91,547.326061
28,92,547.326061
28,93,547.326061
28,94,547.326061
28,95,547.326061
28,96,547.326061
28,97,547.326061
28,98,547.326061
28,99,547.326061
29,0,406.931997
29,1,418.258673
29,2,418.258673
29,3,435.268985
29,4,460.992303
29,5,515.080919
29,6,515.080919
29,7,530.929710
29,8,535.182965
29,9,548.584374
29,10,548.584374
29,11,548.584374
29,12,548.584374
29,13,548.701629
29,14,548.701629
29,15,548.701629
29,16,566.913808
29,17,566.913808
29,18,566.913808
29,19,566.913808
29,20,566.913808
29,21,566.913808
29,22,566.913808
29,23,566.913808
29,24,566.913808
29,25,566.913808
29,26,566.913808
29,27,566.913808
29,28,566.913808
29,29,566.913808
29,30,566.913808
29,31,566.913808
29,32,566.913808
29,33,566.913808
29,34,566.913808
29,35,566.913808
29,36,566.913808
29,37,566.913808
29,38,566.913808
29,39,566.913808
29,40,566.913808
29,41,566.913808
29,42,566.913808
29,43,566.913808
29,44,566.913808
29,45,566.913808
29,46,566.913808
29,47,566.913808
29,48,566.913808
29,49,566.913808
29,50,566.913808
29,51,566.913808
29,52,566.913808
29,53,566.913808
29,54,566.913808
29,55,566.913808
29,56,566.913808
29,57,566.913808
29,58,566.913808
29,59,566.913808
29,60,566.913808
29,61,566.913808
29,62,566.913808
29,63,566.913808
29,64,566.913808
29,65,566.913808
29,66,566.913808
29,67,566.913808
29,68,566.913808
29,69,566.913808
29,70,566.913808
29,71,566.913808
29,72,566.913808
29,73,566.913808
29,74,566.913808
29,75,566.913808
29,76,566.913808
29,77,566.913808
29,78,566.913808
29,79,566.913808
29,80,566.913808
29,81,566.913808
29,82,566.913808
29,83,566.913808
29,84,566.913808
29,85,566.913808
29,86,566.913808
29,87,566.913808
29,88,566.913808
29,89,566.913808
29,90,566.913808
29,91,566.913808
29,92,566.913808
29,93,566.913808
29,94,566.913808
29,95,566.913808
29,96,566.913808
29,97,566.913808
29,98,566.913808
29,99,566.913808
