run,iteration,best_fitness
0,0,426.638134
0,1,458.399024
0,2,495.440498
0,3,581.883740
0,4,583.275977
0,5,609.690666
0,6,628.920300
0,7,639.776218
0,8,673.714629
0,9,673.714629
0,10,673.714629
0,11,673.714629
0,12,673.714629
0,13,673.714629
0,14,673.714629
0,15,683.848891
0,16,718.985579
0,17,718.985579
0,18,718.985579
0,19,718.985579
0,20,725.820653
0,21,744.424962
0,22,744.424962
0,23,744.424962
0,24,754.423290
0,25,754.423290
0,26,754.423290
0,27,754.423290
0,28,754.423290
0,29,754.423290
0,30,754.423290
0,31,754.423290
0,32,754.423290
0,33,763.269026
0,34,763.269026
0,35,763.269026
0,36,763.269026
0,37,763.269026
0,38,763.269026
0,39,765.734702
0,40,765.734702
0,41,765.734702
0,42,802.324854
0,43,802.324854
0,44,802.324854
0,45,802.324854
0,46,802.324854
0,47,802.324854
0,48,802.324854
0,49,802.324854
0,50,802.324854
0,51,802.324854
0,52,802.324854
0,53,802.324854
0,54,802.324854
0,55,802.324854
0,56,802.324854
0,57,802.324854
0,58,802.324854
0,59,802.324854
0,60,802.324854
0,61,802.324854
0,62,809.804285
0,63,809.804285
0,64,809.804285
0,65,809.804285
0,66,809.804285
0,67,809.804285
0,68,809.804285
0,69,809.804285
0,70,809.804285
0,71,809.804285
0,72,809.804285
0,73,809.804285
0,74,809.804285
0,75,809.804285
0,76,809.804285
0,77,809.804285
0,78,809.804285
0,79,809.804285
0,80,809.804285
0,81,809.804285
0,82,809.804285
0,83,809.804285
0,84,809.804285
0,85,809.804285
0,86,809.804285
0,87,809.804285
0,88,809.804285
0,89,809.804285
0,90,809.804285
0,91,809.804285
0,92,809.804285
0,93,809.804285
0,94,809.804285
0,95,809.804285
0,96,809.804285
0,97,809.804285
0,98,809.804285
0,99,809.804285
1,0,524.351946
1,1,617.236657
1,2,617.236657
1,3,658.751971
1,4,660.886910
1,5,680.355932
1,6,680.355932
1,7,720.632074
1,8,720.632074
1,9,720.864302
1,10,720.864302
1,11,728.354953
1,12,733.482793
1,13,733.482793
1,14,747.397296
1,15,747.397296
1,16,776.114419
1,17,776.114419
1,18,776.114419
1,19,785.049712
1,20,785.049712
1,21,785.049712
1,22,785.049712
1,23,785.049712
1,24,785.049712
1,25,785.049712
1,26,785.049712
1,27,785.049712
1,28,785.049712
1,29,785.049712
1,30,785.049712
1,31,785.049712
1,32,785.049712
1,33,785.049712
1,34,785.049712
1,35,785.049712
1,36,785.049712
1,37,785.049712
1,38,785.049712
1,39,785.049712
1,40,785.049712
1,41,785.049712
1,42,785.049712
1,43,785.049712
1,44,785.049712
1,45,785.049712
1,46,785.049712
1,47,785.049712
1,48,785.049712
1,49,785.049712
1,50,785.049712
1,51,785.049712
1,52,785.049712
1,53,785.049712
1,54,785.049712
1,55,785.049712
1,56,785.049712
1,57,785.049712
1,58,785.049712
1,59,785.049712
1,60,785.049712
1,61,785.049712
1,62,785.049712
1,63,785.049712
1,64,785.049712
1,65,800.925775
1,66,800.925775
1,67,800.925775
1,68,800.925775
1,69,800.925775
1,70,800.925775
1,71,800.925775
1,72,800.925775
1,73,800.925775
1,74,800.925775
1,75,800.925775
1,76,800.925775
1,77,800.925775
1,78,800.925775
1,79,800.925775
1,80,800.925775
1,81,800.925775
1,82,800.925775
1,83,800.925775
1,84,800.925775
1,85,800.925775
1,86,800.925775
1,87,800.925775
1,88,800.925775
1,89,800.925775
1,90,800.925775
1,91,800.925775
1,92,800.925775
1,93,800.925775
1,94,800.925775
1,95,800.925775
1,96,800.925775
1,97,800.925775
1,98,800.925775
1,99,800.925775
2,0,491.534607
2,1,545.724841
2,2,545.724841
2,3,638.264956
2,4,638.264956
2,5,660.032002
2,6,662.843342
2,7,685.961351
2,8,720.657561
2,9,720.657561
2,10,720.657561
2,11,722.133772
2,12,722.133772
2,13,722.133772
2,14,722.133772
2,15,755.049682
2,16,755.049682
2,17,755.049682
2,18,776.285075
2,19,776.285075
2,20,776.285075
2,21,776.285075
2,22,776.285075
2,23,782.622165
2,24,782.622165
2,25,782.622165
2,26,782.622165
2,27,782.622165
2,28,782.622165
2,29,782.622165
2,30,806.257429
2,31,806.257429
2,32,806.257429
2,33,806.257429
2,34,806.257429
2,35,806.257429
2,36,806.257429
2,37,806.257429
2,38,806.257429
2,39,806.257429
2,40,806.257429
2,41,806.257429
2,42,806.257429
2,43,806.257429
2,44,806.257429
2,45,806.257429
2,46,806.257429
2,47,806.257429
2,48,806.257429
2,49,806.257429
2,50,806.257429
2,51,806.257429
2,52,806.257429
2,53,806.257429
2,54,806.257429
2,55,806.257429
2,56,806.257429
2,57,806.257429
2,58,806.257429
2,59,806.257429
2,60,806.257429
2,61,806.257429
2,62,806.257429
2,63,806.257429
2,64,806.257429
2,65,806.257429
2,66,806.257429
2,67,806.257429
2,68,806.257429
2,69,806.257429
2,70,806.257429
2,71,806.257429
2,72,806.257429
2,73,806.257429
2,74,806.257429
2,75,806.257429
2,76,806.257429
2,77,806.257429
2,78,806.257429
2,79,806.257429
2,80,806.257429
2,81,806.257429
2,82,806.257429
2,83,806.257429
2,84,806.257429
2,85,806.257429
2,86,806.257429
2,87,806.257429
2,88,806.257429
2,89,806.257429
2,90,806.257429
2,91,806.257429
2,92,806.257429
2,93,806.257429
2,94,806.257429
2,95,806.257429
2,96,806.257429
2,97,806.257429
2,98,806.257429
2,99,806.257429
3,0,408.036953
3,1,596.718005
3,2,596.718005
3,3,683.907961
3,4,683.907961
3,5,690.430229
3,6,690.430229
3,7,690.430229
3,8,692.425162
3,9,718.824511
3,10,733.314558
3,11,736.796245
3,12,744.080593
3,13,744.080593
3,14,744.080593
3,15,744.080593
3,16,759.001561
3,17,759.001561
3,18,759.001561
3,19,759.001561
3,20,759.001561
3,21,759.001561
3,22,795.289032
3,23,795.289032
3,24,795.289032
3,25,795.289032
3,26,795.289032
3,27,795.289032
3,28,795.289032
3,29,795.289032
3,30,795.289032
3,31,795.289032
3,32,795.289032
3,33,795.289032
3,34,795.289032
3,35,795.289032
3,36,795.289032
3,37,795.289032
3,38,795.289032
3,39,795.289032
3,40,795.289032
3,41,795.289032
3,42,795.289032
3,43,795.289032
3,44,795.289032
3,45,795.289032
3,46,795.289032
3,47,795.289032
3,48,795.289032
3,49,795.289032
3,50,795.289032
3,51,795.289032
3,52,795.289032
3,53,795.289032
3,54,795.289032
3,55,795.289032
3,56,795.289032
3,57,795.289032
3,58,795.289032
3,59,795.289032
3,60,795.289032
3,61,795.289032
3,62,795.289032
3,63,795.289032
3,64,795.289032
3,65,795.289032
3,66,795.289032
3,67,795.289032
3,68,795.289032
3,69,795.289032
3,70,795.289032
3,71,795.289032
3,72,795.289032
3,73,795.289032
3,74,795.289032
3,75,795.289032
3,76,795.289032
3,77,795.289032
3,78,795.289032
3,79,795.289032
3,80,795.289032
3,81,795.289032
3,82,795.289032
3,83,795.289032
3,84,795.289032
3,85,795.289032
3,86,795.289032
3,87,795.289032
3,88,795.289032
3,89,795.289032
3,90,795.289032
3,91,795.289032
3,92,795.289032
3,93,795.289032
3,94,795.289032
3,95,795.289032
3,96,795.289032
3,97,795.289032
3,98,795.289032
3,99,795.289032
4,0,516.215614
4,1,527.605280
4,2,637.783948
4,3,637.783948
4,4,637.783948
4,5,660.609090
4,6,663.803322
4,7,663.803322
4,8,738.551595
4,9,738.551595
4,10,738.551595
4,11,787.260864
4,12,787.260864
4,13,787.260864
4,14,787.260864
4,15,787.260864
4,16,787.260864
4,17,787.260864
4,18,787.260864
4,19,787.260864
4,20,787.260864
4,21,787.260864
4,22,787.260864
4,23,787.260864
4,24,787.260864
4,25,787.260864
4,26,787.260864
4,27,787.260864
4,28,787.260864
4,29,787.260864
4,30,787.260864
4,31,787.260864
4,32,787.260864
4,33,787.260864
4,34,787.260864
4,35,787.260864
4,36,787.260864
4,37,787.260864
4,38,787.260864
4,39,787.260864
4,40,787.260864
4,41,802.077005
4,42,802.077005
4,43,802.077005
4,44,802.077005
4,45,802.077005
4,46,802.077005
4,47,802.077005
4,48,802.077005
4,49,802.077005
4,50,802.077005
4,51,802.077005
4,52,802.077005
4,53,802.077005
4,54,802.077005
4,55,802.077005
4,56,802.077005
4,57,802.077005
4,58,802.077005
4,59,802.077005
4,60,802.077005
4,61,802.077005
4,62,802.077005
4,63,802.077005
4,64,802.077005
4,65,802.077005
4,66,802.077005
4,67,802.077005
4,68,802.077005
4,69,802.077005
4,70,802.077005
4,71,815.697407
4,72,815.697407
4,73,815.697407
4,74,815.697407
4,75,815.697407
4,76,815.697407
4,77,815.697407
4,78,815.697407
4,79,815.697407
4,80,815.697407
4,81,815.697407
4,82,815.697407
4,83,815.697407
4,84,815.697407
4,85,815.697407
4,86,815.697407
4,87,815.697407
4,88,815.697407
4,89,815.697407
4,90,815.697407
4,91,815.697407
4,92,815.697407
4,93,815.697407
4,94,815.697407
4,95,815.697407
4,96,815.697407
4,97,815.697407
4,98,815.697407
4,99,815.697407
5,0,670.424325
5,1,670.424325
5,2,670.424325
5,3,673.491567
5,4,706.124159
5,5,748.849922
5,6,748.849922
5,7,748.849922
5,8,748.849922
5,9,748.849922
5,10,748.849922
5,11,748.849922
5,12,748.849922
5,13,748.849922
5,14,748.849922
5,15,748.849922
5,16,748.849922
5,17,748.849922
5,18,748.849922
5,19,748.849922
5,20,748.849922
5,21,748.849922
5,22,787.949737
5,23,787.949737
5,24,792.980017
5,25,792.980017
5,26,792.980017
5,27,792.980017
5,28,792.980017
5,29,792.980017
5,30,792.980017
5,31,792.980017
5,32,792.980017
5,33,792.980017
5,34,792.980017
5,35,792.980017
5,36,792.980017
5,37,792.980017
5,38,792.980017
5,39,792.980017
5,40,792.980017
5,41,792.980017
5,42,792.980017
5,43,792.980017
5,44,792.980017
5,45,792.980017
5,46,792.980017
5,47,792.980017
5,48,792.980017
5,49,792.980017
5,50,792.980017
5,51,792.980017
5,52,792.980017
5,53,792.980017
5,54,792.980017
5,55,792.980017
5,56,792.980017
5,57,792.980017
5,58,792.980017
5,59,792.980017
5,60,792.980017
5,61,792.980017
5,62,792.980017
5,63,792.980017
5,64,792.980017
5,65,792.980017
5,66,792.980017
5,67,792.980017
5,68,792.980017
5,69,792.980017
5,70,792.980017
5,71,792.980017
5,72,792.980017
5,73,792.980017
5,74,792.980017
5,75,792.980017
5,76,792.980017
5,77,792.980017
5,78,792.980017
5,79,792.980017
5,80,792.980017
5,81,792.980017
5,82,792.980017
5,83,792.980017
5,84,792.980017
5,85,792.980017
5,86,792.980017
5,87,792.980017
5,88,792.980017
5,89,792.980017
5,90,792.980017
5,91,792.980017
5,92,792.980017
5,93,792.980017
5,94,792.980017
5,95,792.980017
5,96,792.980017
5,97,792.980017
5,98,792.980017
5,99,792.980017
6,0,642.782486
6,1,642.782486
6,2,666.199389
6,3,666.199389
6,4,672.172243
6,5,672.172243
6,6,701.944123
6,7,714.229064
6,8,714.229064
6,9,714.229064
6,10,714.229064
6,11,714.229064
6,12,714.229064
6,13,714.229064
6,14,758.315775
6,15,758.315775
6,16,758.315775
6,17,758.315775
6,18,758.315775
6,19,758.315775
6,20,758.315775
6,21,758.315775
6,22,758.315775
6,23,758.315775
6,24,758.481288
6,25,758.481288
6,26,773.857509
6,27,773.857509
6,28,773.857509
6,29,773.857509
6,30,773.857509
6,31,773.857509
6,32,773.857509
6,33,773.857509
6,34,773.857509
6,35,773.857509
6,36,773.857509
6,37,773.857509
6,38,773.857509
6,39,773.857509
6,40,777.338032
6,41,777.338032
6,42,777.338032
6,43,777.338032
6,44,777.338032
6,45,789.692137
6,46,789.692137
6,47,789.692137
6,48,794.750315
6,49,840.240147
6,50,840.240147
6,51,840.240147
6,52,840.240147
6,53,840.240147
6,54,840.240147
6,55,840.240147
6,56,840.240147
6,57,840.240147
6,58,840.240147
6,59,840.240147
6,60,840.240147
6,61,840.240147
6,62,840.240147
6,63,840.240147
6,64,840.240147
6,65,840.240147
6,66,840.240147
6,67,840.240147
6,68,840.240147
6,69,840.240147
6,70,840.240147
6,71,840.240147
6,72,840.240147
6,73,840.240147
6,74,840.240147
6,75,840.240147
6,76,840.240147
6,77,840.240147
6,78,840.240147
6,79,840.240147
6,80,840.240147
6,81,840.240147
6,82,840.240147
6,83,840.240147
6,84,840.240147
6,85,840.240147
6,86,840.240147
6,87,840.240147
6,88,840.240147
6,89,840.240147
6,90,840.240147
6,91,840.240147
6,92,840.240147
6,93,840.240147
6,94,840.240147
6,95,840.240147
6,96,840.240147
6,97,840.240147
6,98,840.240147
6,99,840.240147
7,0,448.269746
7,1,520.149110
7,2,635.168646
7,3,649.571898
7,4,649.571898
7,5,655.443939
7,6,673.562576
7,7,673.562576
7,8,673.562576
7,9,690.844261
7,10,690.844261
7,11,704.637718
7,12,721.912574
7,13,736.576635
7,14,738.665727
7,15,738.665727
7,16,738.665727
7,17,738.665727
7,18,759.039751
7,19,803.179343
7,20,803.179343
7,21,803.179343
7,22,803.179343
7,23,803.179343
7,24,803.179343
7,25,803.179343
7,26,803.179343
7,27,803.179343
7,28,803.179343
7,29,803.179343
7,30,803.179343
7,31,803.179343
7,32,803.179343
7,33,803.179343
7,34,803.179343
7,35,803.179343
7,36,803.179343
7,37,803.179343
7,38,803.179343
7,39,803.179343
7,40,803.179343
7,41,803.179343
7,42,803.179343
7,43,803.179343
7,44,803.179343
7,45,803.179343
7,46,803.179343
7,47,803.179343
7,48,803.179343
7,49,803.179343
7,50,803.179343
7,51,803.179343
7,52,803.179343
7,53,803.179343
7,54,803.179343
7,55,803.179343
7,56,803.179343
7,57,803.179343
7,58,803.179343
7,59,803.179343
7,60,803.179343
7,61,803.179343
7,62,803.179343
7,63,803.179343
7,64,803.179343
7,65,803.179343
7,66,803.179343
7,67,803.179343
7,68,803.179343
7,69,803.179343
7,70,803.179343
7,71,803.179343
7,72,803.179343
7,73,803.179343
7,74,803.179343
7,75,803.179343
7,76,803.179343
7,77,803.179343
7,78,803.179343
7,79,803.179343
7,80,803.179343
7,81,803.179343
7,82,803.179343
7,83,803.179343
7,84,803.179343
7,85,803.179343
7,86,803.179343
7,87,803.179343
7,88,803.179343
7,89,803.179343
7,90,803.179343
7,91,803.179343
7,92,803.179343
7,93,803.179343
7,94,803.179343
7,95,803.179343
7,96,803.179343
7,97,803.179343
7,98,803.179343
7,99,803.179343
8,0,467.258497
8,1,569.266734
8,2,592.458018
8,3,670.717733
8,4,670.717733
8,5,670.717733
8,6,670.717733
8,7,670.717733
8,8,681.737121
8,9,681.737121
8,10,698.938272
8,11,698.938272
8,12,698.938272
8,13,707.750176
8,14,727.971290
8,15,738.388594
8,16,738.388594
8,17,738.388594
8,18,752.459074
8,19,752.459074
8,20,753.698330
8,21,753.698330
8,22,791.824561
8,23,791.824561
8,24,791.824561
8,25,791.824561
8,26,791.824561
8,27,791.824561
8,28,791.824561
8,29,791.824561
8,30,791.824561
8,31,791.824561
8,32,791.824561
8,33,791.824561
8,34,791.824561
8,35,791.824561
8,36,791.824561
8,37,791.824561
8,38,791.824561
8,39,791.824561
8,40,791.824561
8,41,791.824561
8,42,791.824561
8,43,791.824561
8,44,791.824561
8,45,791.824561
8,46,791.824561
8,47,791.824561
8,48,791.824561
8,49,791.824561
8,50,791.824561
8,51,791.824561
8,52,791.824561
8,53,791.824561
8,54,791.824561
8,55,791.824561
8,56,791.824561
8,57,791.824561
8,58,791.824561
8,59,791.824561
8,60,791.824561
8,61,791.824561
8,62,791.824561
8,63,791.824561
8,64,791.824561
8,65,791.824561
8,66,791.824561
8,67,791.824561
8,68,791.824561
8,69,791.824561
8,70,791.824561
8,71,791.824561
8,72,791.824561
8,73,791.824561
8,74,791.824561
8,75,791.824561
8,76,791.824561
8,77,791.824561
8,78,791.824561
8,79,791.824561
8,80,791.824561
8,81,791.824561
8,82,791.824561
8,83,791.824561
8,84,791.824561
8,85,791.824561
8,86,812.164580
8,87,812.164580
8,88,812.164580
8,89,812.164580
8,90,812.164580
8,91,812.164580
8,92,812.164580
8,93,812.164580
8,94,812.164580
8,95,812.164580
8,96,812.164580
8,97,812.164580
8,98,812.164580
8,99,812.164580
9,0,580.067036
9,1,580.067036
9,2,595.734722
9,3,607.536834
9,4,632.970484
9,5,633.486385
9,6,708.308042
9,7,719.477891
9,8,719.477891
9,9,719.477891
9,10,737.904790
9,11,751.348785
9,12,759.409916
9,13,759.409916
9,14,762.798218
9,15,796.541807
9,16,796.541807
9,17,796.541807
9,18,796.541807
9,19,796.541807
9,20,796.541807
9,21,796.541807
9,22,796.541807
9,23,796.541807
9,24,796.541807
9,25,796.541807
9,26,796.541807
9,27,796.541807
9,28,796.541807
9,29,796.541807
9,30,796.541807
9,31,796.541807
9,32,796.541807
9,33,796.541807
9,34,796.541807
9,35,796.541807
9,36,796.541807
9,37,796.541807
9,38,796.541807
9,39,796.541807
9,40,796.541807
9,41,796.541807
9,42,796.541807
9,43,796.541807
9,44,796.541807
9,45,796.541807
9,46,796.541807
9,47,796.541807
9,48,796.541807
9,49,796.541807
9,50,796.541807
9,51,796.541807
9,52,796.541807
9,53,796.541807
9,54,796.541807
9,55,796.541807
9,56,796.541807
9,57,796.541807
9,58,796.541807
9,59,796.541807
9,60,796.541807
9,61,796.541807
9,62,796.541807
9,63,798.313756
9,64,798.313756
9,65,798.313756
9,66,798.313756
9,67,798.313756
9,68,798.313756
9,69,798.313756
9,70,798.313756
9,71,798.313756
9,72,798.313756
9,73,798.313756
9,74,798.313756
9,75,798.313756
9,76,798.313756
9,77,798.313756
9,78,798.313756
9,79,798.313756
9,80,798.313756
9,81,798.313756
9,82,798.313756
9,83,798.313756
9,84,798.313756
9,85,798.313756
9,86,798.313756
9,87,798.313756
9,88,798.313756
9,89,798.313756
9,90,798.313756
9,91,800.843262
9,92,800.843262
9,93,800.843262
9,94,800.843262
9,95,800.843262
9,96,800.843262
9,97,800.843262
9,98,800.843262
9,99,800.843262
10,0,455.354898
10,1,533.554319
10,2,590.245667
10,3,614.386780
10,4,620.562517
10,5,658.554321
10,6,658.554321
10,7,658.554321
10,8,658.554321
10,9,659.890356
10,10,673.620761
10,11,673.620761
10,12,673.620761
10,13,704.701778
10,14,704.701778
10,15,704.701778
10,16,733.575342
10,17,733.575342
10,18,733.575342
10,19,733.575342
10,20,738.667228
10,21,760.544489
10,22,772.293402
10,23,772.293402
10,24,772.293402
10,25,772.293402
10,26,772.293402
10,27,772.293402
10,28,772.293402
10,29,772.293402
10,30,777.263873
10,31,777.263873
10,32,777.263873
10,33,777.263873
10,34,777.263873
10,35,777.263873
10,36,777.263873
10,37,777.263873
10,38,777.263873
10,39,777.263873
10,40,777.263873
10,41,777.263873
10,42,777.263873
10,43,777.263873
10,44,777.263873
10,45,777.263873
10,46,777.263873
10,47,777.263873
10,48,777.263873
10,49,777.263873
10,50,777.263873
10,51,777.263873
10,52,777.263873
10,53,777.263873
10,54,777.263873
10,55,797.101867
10,56,797.101867
10,57,797.101867
10,58,797.101867
10,59,797.101867
10,60,797.101867
10,61,797.101867
10,62,797.101867
10,63,797.101867
10,64,797.101867
10,65,797.101867
10,66,797.101867
10,67,797.101867
10,68,797.101867
10,69,797.101867
10,70,797.101867
10,71,797.101867
10,72,797.101867
10,73,797.101867
10,74,797.101867
10,75,797.101867
10,76,797.101867
10,77,797.101867
10,78,797.101867
10,79,797.101867
10,80,797.101867
10,81,797.101867
10,82,797.101867
10,83,797.101867
10,84,797.101867
10,85,797.101867
10,86,797.101867
10,87,797.101867
10,88,797.101867
10,89,797.101867
10,90,797.101867
10,91,797.101867
10,92,797.101867
10,93,797.101867
10,94,797.101867
10,95,797.101867
10,96,797.101867
10,97,797.101867
10,98,797.101867
10,99,797.101867
11,0,504.378056
11,1,504.378056
11,2,612.612048
11,3,612.612048
11,4,612.612048
11,5,637.249211
11,6,637.249211
11,7,640.112213
11,8,662.029895
11,9,662.029895
11,10,674.015411
11,11,674.015411
11,12,691.841217
11,13,691.841217
11,14,691.841217
11,15,691.841217
11,16,691.841217
11,17,701.436216
11,18,705.872928
11,19,728.819731
11,20,728.819731
11,21,728.819731
11,22,728.819731
11,23,728.819731
11,24,728.819731
11,25,742.641377
11,26,742.641377
11,27,742.641377
11,28,742.641377
11,29,742.641377
11,30,742.641377
11,31,742.641377
11,32,742.641377
11,33,742.641377
11,34,742.641377
11,35,742.641377
11,36,742.641377
11,37,742.641377
11,38,742.641377
11,39,742.641377
11,40,742.641377
11,41,742.641377
11,42,742.641377
11,43,745.284967
11,44,745.284967
11,45,745.284967
11,46,745.284967
11,47,745.284967
11,48,745.284967
11,49,745.284967
11,50,745.284967
11,51,747.302836
11,52,747.302836
11,53,747.302836
11,54,747.302836
11,55,750.379985
11,56,750.379985
11,57,757.549951
11,58,757.549951
11,59,757.549951
11,60,757.549951
11,61,757.549951
11,62,757.549951
11,63,757.549951
11,64,757.549951
11,65,757.549951
11,66,757.549951
11,67,757.549951
11,68,757.549951
11,69,757.549951
11,70,757.549951
11,71,757.549951
11,72,757.549951
11,73,757.549951
11,74,757.549951
11,75,757.549951
11,76,757.549951
11,77,757.549951
11,78,757.549951
11,79,757.549951
11,80,757.549951
11,81,757.549951
11,82,757.549951
11,83,767.828793
11,84,767.828793
11,85,767.828793
11,86,767.828793
11,87,767.828793
11,88,767.828793
11,89,767.828793
11,90,767.828793
11,91,767.828793
11,92,767.828793
11,93,770.681598
11,94,770.681598
11,95,770.681598
11,96,770.681598
11,97,770.681598
11,98,770.681598
11,99,770.681598
12,0,394.107189
12,1,522.668157
12,2,640.726674
12,3,640.726674
12,4,659.323596
12,5,697.219004
12,6,697.219004
12,7,697.219004
12,8,703.871271
12,9,749.093024
12,10,749.093024
12,11,756.083711
12,12,756.083711
12,13,756.083711
12,14,796.254864
12,15,796.254864
12,16,796.254864
12,17,796.254864
12,18,796.254864
12,19,796.254864
12,20,796.254864
12,21,796.254864
12,22,796.254864
12,23,796.254864
12,24,796.254864
12,25,796.254864
12,26,796.254864
12,27,796.254864
12,28,796.254864
12,29,796.254864
12,30,796.254864
12,31,796.254864
12,32,796.254864
12,33,796.254864
12,34,796.254864
12,35,796.254864
12,36,796.254864
12,37,796.254864
12,38,796.254864
12,39,796.254864
12,40,796.254864
12,41,796.254864
12,42,796.254864
12,43,796.254864
12,44,796.254864
12,45,796.254864
12,46,796.254864
12,47,796.254864
12,48,796.254864
12,49,796.254864
12,50,796.254864
12,51,796.254864
12,52,796.254864
12,53,796.254864
12,54,796.254864
12,55,796.254864
12,56,796.254864
12,57,796.254864
12,58,796.254864
12,59,796.254864
12,60,796.254864
12,61,796.254864
12,62,796.254864
12,63,796.254864
12,64,796.254864
12,65,796.254864
12,66,796.254864
12,67,796.254864
12,68,796.254864
12,69,796.254864
12,70,796.254864
12,71,796.872174
12,72,796.872174
12,73,796.872174
12,74,796.872174
12,75,796.872174
12,76,796.872174
12,77,796.872174
12,78,796.872174
12,79,796.872174
12,80,796.872174
12,81,796.872174
12,82,796.872174
12,83,796.872174
12,84,796.872174
12,85,796.872174
12,86,796.872174
12,87,796.872174
12,88,796.872174
12,89,796.872174
12,90,796.872174
12,91,796.872174
12,92,796.872174
12,93,796.872174
12,94,796.872174
12,95,796.872174
12,96,796.872174
12,97,796.872174
12,98,796.872174
12,99,796.872174
13,0,461.636257
13,1,524.888913
13,2,581.189354
13,3,587.974425
13,4,613.895098
13,5,626.540474
13,6,677.261754
13,7,677.261754
13,8,677.261754
13,9,679.027645
13,10,681.595382
13,11,698.994232
13,12,709.154043
13,13,709.154043
13,14,740.813612
13,15,740.813612
13,16,740.813612
13,17,740.813612
13,18,742.705812
13,19,742.705812
13,20,742.916464
13,21,774.811274
13,22,774.811274
13,23,774.811274
13,24,774.811274
13,25,774.811274
13,26,774.811274
13,27,774.811274
13,28,774.811274
13,29,774.811274
13,30,785.879337
13,31,785.879337
13,32,785.879337
13,33,785.879337
13,34,785.879337
13,35,785.879337
13,36,785.879337
13,37,815.839695
13,38,815.839695
13,39,815.839695
13,40,815.839695
13,41,815.839695
13,42,815.839695
13,43,815.839695
13,44,815.839695
13,45,815.839695
13,46,815.839695
13,47,815.839695
13,48,815.839695
13,49,815.839695
13,50,815.839695
13,51,815.839695
13,52,815.839695
13,53,815.839695
13,54,815.839695
13,55,815.839695
13,56,815.839695
13,57,815.839695
13,58,815.839695
13,59,815.839695
13,60,815.839695
13,61,815.839695
13,62,815.839695
13,63,815.839695
13,64,815.839695
13,65,815.839695
13,66,815.839695
13,67,815.839695
13,68,815.839695
13,69,815.839695
13,70,815.839695
13,71,815.839695
13,72,815.839695
13,73,815.839695
13,74,815.839695
13,75,815.839695
13,76,815.839695
13,77,815.839695
13,78,815.839695
13,79,815.839695
13,80,815.839695
13,81,815.839695
13,82,815.839695
13,83,815.839695
13,84,821.747819
13,85,821.747819
13,86,821.747819
13,87,821.747819
13,88,821.747819
13,89,821.747819
13,90,821.747819
13,91,821.747819
13,92,821.747819
13,93,821.747819
13,94,821.747819
13,95,821.747819
13,96,821.747819
13,97,821.747819
13,98,821.747819
13,99,821.747819
14,0,486.789312
14,1,513.207379
14,2,612.475015
14,3,650.436004
14,4,664.219527
14,5,733.541508
14,6,733.541508
14,7,733.541508
14,8,733.541508
14,9,741.424268
14,10,741.424268
14,11,741.424268
14,12,741.424268
14,13,741.424268
14,14,758.250620
14,15,758.250620
14,16,758.250620
14,17,758.250620
14,18,758.250620
14,19,758.250620
14,20,758.250620
14,21,767.722770
14,22,767.722770
14,23,767.722770
14,24,767.722770
14,25,775.297496
14,26,775.297496
14,27,775.297496
14,28,775.297496
14,29,775.297496
14,30,775.297496
14,31,779.789825
14,32,779.789825
14,33,779.789825
14,34,779.789825
14,35,779.789825
14,36,779.789825
14,37,779.789825
14,38,779.789825
14,39,779.789825
14,40,779.789825
14,41,779.789825
14,42,779.789825
14,43,779.789825
14,44,779.789825
14,45,779.789825
14,46,779.789825
14,47,779.789825
14,48,779.789825
14,49,785.305703
14,50,785.305703
14,51,785.305703
14,52,785.305703
14,53,785.305703
14,54,785.305703
14,55,785.305703
14,56,785.305703
14,57,785.305703
14,58,785.305703
14,59,785.305703
14,60,785.305703
14,61,785.305703
14,62,785.305703
14,63,785.305703
14,64,785.305703
14,65,785.305703
14,66,785.305703
14,67,785.305703
14,68,785.305703
14,69,785.305703
14,70,785.305703
14,71,785.305703
14,72,785.305703
14,73,785.305703
14,74,785.305703
14,75,785.305703
14,76,785.305703
14,77,785.305703
14,78,785.305703
14,79,785.305703
14,80,785.305703
14,81,785.305703
14,82,785.305703
14,83,785.305703
14,84,785.305703
14,85,785.305703
14,86,785.305703
14,87,785.305703
14,88,785.305703
14,89,785.305703
14,90,785.305703
14,91,785.305703
14,92,785.305703
14,93,786.775851
14,94,786.775851
14,95,786.775851
14,96,786.775851
14,97,786.775851
14,98,786.775851
14,99,786.775851
15,0,441.353776
15,1,459.384334
15,2,490.073264
15,3,511.274545
15,4,536.809196
15,5,536.809196
15,6,587.083013
15,7,603.487753
15,8,606.122115
15,9,606.122115
15,10,626.265960
15,11,626.265960
15,12,626.265960
15,13,676.783017
15,14,676.783017
15,15,676.783017
15,16,676.783017
15,17,713.470260
15,18,713.470260
15,19,713.470260
15,20,713.470260
15,21,736.812053
15,22,736.812053
15,23,736.812053
15,24,736.812053
15,25,736.812053
15,26,736.812053
15,27,736.812053
15,28,736.812053
15,29,736.812053
15,30,736.812053
15,31,736.812053
15,32,736.812053
15,33,736.812053
15,34,752.824971
15,35,752.824971
15,36,752.824971
15,37,752.824971
15,38,752.824971
15,39,752.824971
15,40,752.824971
15,41,752.824971
15,42,752.824971
15,43,752.824971
15,44,752.824971
15,45,752.824971
15,46,752.824971
15,47,757.793875
15,48,757.793875
15,49,757.793875
15,50,757.793875
15,51,757.793875
15,52,757.793875
15,53,759.950736
15,54,759.950736
15,55,759.950736
15,56,759.950736
15,57,759.950736
15,58,759.950736
15,59,759.950736
15,60,759.950736
15,61,759.950736
15,62,759.950736
15,63,767.823787
15,64,767.823787
15,65,767.823787
15,66,767.823787
15,67,767.823787
15,68,767.823787
15,69,767.823787
15,70,767.823787
15,71,767.823787
15,72,767.823787
15,73,767.823787
15,74,767.823787
15,75,772.312452
15,76,772.312452
15,77,772.312452
15,78,772.312452
15,79,772.312452
15,80,772.312452
15,81,772.312452
15,82,772.312452
15,83,795.513323
15,84,795.513323
15,85,795.513323
15,86,795.513323
15,87,795.513323
15,88,795.513323
15,89,795.513323
15,90,795.513323
15,91,795.513323
15,92,795.513323
15,93,795.513323
15,94,795.513323
15,95,795.513323
15,96,795.513323
15,97,795.513323
15,98,795.513323
15,99,795.513323
16,0,473.568252
16,1,504.588057
16,2,558.881744
16,3,577.823374
16,4,590.763310
16,5,590.763310
16,6,615.027394
16,7,615.027394
16,8,615.027394
16,9,662.299269
16,10,671.437026
16,11,700.479144
16,12,732.085039
16,13,732.085039
16,14,732.085039
16,15,732.085039
16,16,732.085039
16,17,732.085039
16,18,732.085039
16,19,732.085039
16,20,732.085039
16,21,732.085039
16,22,732.085039
16,23,732.085039
16,24,732.085039
16,25,732.713769
16,26,732.713769
16,27,748.236535
16,28,748.236535
16,29,754.745017
16,30,754.745017
16,31,762.491782
16,32,762.491782
16,33,762.491782
16,34,762.491782
16,35,762.491782
16,36,762.491782
16,37,762.491782
16,38,762.491782
16,39,768.314184
16,40,768.314184
16,41,768.314184
16,42,768.314184
16,43,768.314184
16,44,768.314184
16,45,780.304574
16,46,780.304574
16,47,780.304574
16,48,780.304574
16,49,780.304574
16,50,780.304574
16,51,780.304574
16,52,780.304574
16,53,780.304574
16,54,780.304574
16,55,780.304574
16,56,780.304574
16,57,780.304574
16,58,780.304574
16,59,780.304574
16,60,780.304574
16,61,780.304574
16,62,780.304574
16,63,780.304574
16,64,780.304574
16,65,780.304574
16,66,780.304574
16,67,780.304574
16,68,780.304574
16,69,780.304574
16,70,780.304574
16,71,780.304574
16,72,780.304574
16,73,807.165144
16,74,807.165144
16,75,807.165144
16,76,807.165144
16,77,807.165144
16,78,807.165144
16,79,807.165144
16,80,807.165144
16,81,807.165144
16,82,807.165144
16,83,807.165144
16,84,807.165144
16,85,807.165144
16,86,807.165144
16,87,807.165144
16,88,807.165144
16,89,807.165144
16,90,807.165144
16,91,807.165144
16,92,807.165144
16,93,807.165144
16,94,807.165144
16,95,807.165144
16,96,807.165144
16,97,807.165144
16,98,807.165144
16,99,807.165144
17,0,467.049354
17,1,576.194811
17,2,576.194811
17,3,596.654356
17,4,641.731536
17,5,641.731536
17,6,641.731536
17,7,646.197919
17,8,693.352080
17,9,693.352080
17,10,712.589929
17,11,712.589929
17,12,712.589929
17,13,722.973469
17,14,728.974642
17,15,728.974642
17,16,728.974642
17,17,728.974642
17,18,736.075042
17,19,736.075042
17,20,736.075042
17,21,743.451960
17,22,743.451960
17,23,743.451960
17,24,743.451960
17,25,743.451960
17,26,743.451960
17,27,743.451960
17,28,743.451960
17,29,743.451960
17,30,743.451960
17,31,743.451960
17,32,743.451960
17,33,743.451960
17,34,743.451960
17,35,743.451960
17,36,743.451960
17,37,743.451960
17,38,743.451960
17,39,743.451960
17,40,743.451960
17,41,743.451960
17,42,781.335885
17,43,781.335885
17,44,781.335885
17,45,781.335885
17,46,781.335885
17,47,781.335885
17,48,781.335885
17,49,781.335885
17,50,781.335885
17,51,781.335885
17,52,781.335885
17,53,781.335885
17,54,781.335885
17,55,781.335885
17,56,781.335885
17,57,781.335885
17,58,781.335885
17,59,781.335885
17,60,781.335885
17,61,781.335885
17,62,781.335885
17,63,781.335885
17,64,781.335885
17,65,781.335885
17,66,781.335885
17,67,781.335885
17,68,781.335885
17,69,781.335885
17,70,781.335885
17,71,781.335885
17,72,781.335885
17,73,781.335885
17,74,781.335885
17,75,781.335885
17,76,781.335885
17,77,781.335885
17,78,781.335885
17,79,781.335885
17,80,781.335885
17,81,781.335885
17,82,781.335885
17,83,781.335885
17,84,781.335885
17,85,781.335885
17,86,781.335885
17,87,781.335885
17,88,781.335885
17,89,781.335885
17,90,781.335885
17,91,781.335885
17,92,781.335885
17,93,781.335885
17,94,781.335885
17,95,781.335885
17,96,781.335885
17,97,781.335885
17,98,781.335885
17,99,781.335885
18,0,529.781890
18,1,580.480094
18,2,640.351295
18,3,640.351295
18,4,697.426981
18,5,697.426981
18,6,697.426981
18,7,697.426981
18,8,713.372118
18,9,713.372118
18,10,713.372118
18,11,733.909129
18,12,733.909129
18,13,733.909129
18,14,733.909129
18,15,733.909129
18,16,748.137115
18,17,748.137115
18,18,748.137115
18,19,748.137115
18,20,748.137115
18,21,748.137115
18,22,748.137115
18,23,748.137115
18,24,756.167296
18,25,756.167296
18,26,774.319447
18,27,774.319447
18,28,774.319447
18,29,774.319447
18,30,774.319447
18,31,774.319447
18,32,774.319447
18,33,782.639261
18,34,782.639261
18,35,782.639261
18,36,782.639261
18,37,782.639261
18,38,782.639261
18,39,782.639261
18,40,782.639261
18,41,782.639261
18,42,782.639261
18,43,782.639261
18,44,798.660129
18,45,798.660129
18,46,798.660129
18,47,798.660129
18,48,798.660129
18,49,798.660129
18,50,798.660129
18,51,798.660129
18,52,798.660129
18,53,798.660129
18,54,798.660129
18,55,798.660129
18,56,798.660129
18,57,798.660129
18,58,798.660129
18,59,798.660129
18,60,798.660129
18,61,798.660129
18,62,798.660129
18,63,802.965429
18,64,802.965429
18,65,802.965429
18,66,802.965429
18,67,802.965429
18,68,802.965429
18,69,802.965429
18,70,802.965429
18,71,802.965429
18,72,802.965429
18,73,802.965429
18,74,802.965429
18,75,802.965429
18,76,802.965429
18,77,802.965429
18,78,802.965429
18,79,802.965429
18,80,802.965429
18,81,802.965429
18,82,802.965429
18,83,802.965429
18,84,802.965429
18,85,802.965429
18,86,802.965429
18,87,802.965429
18,88,802.965429
18,89,802.965429
18,90,802.965429
18,91,802.965429
18,92,802.965429
18,93,802.965429
18,94,802.965429
18,95,802.965429
18,96,802.965429
18,97,802.965429
18,98,802.965429
18,99,802.965429
19,0,647.013354
19,1,647.013354
19,2,647.013354
19,3,650.982067
19,4,650.982067
19,5,671.404776
19,6,671.404776
19,7,673.202529
19,8,673.202529
19,9,673.202529
19,10,692.850800
19,11,711.648042
19,12,711.648042
19,13,711.648042
19,14,711.648042
19,15,711.648042
19,16,711.648042
19,17,711.648042
19,18,711.648042
19,19,715.152165
19,20,742.673579
19,21,742.673579
19,22,748.241128
19,23,748.241128
19,24,748.241128
19,25,748.241128
19,26,748.241128
19,27,748.241128
19,28,748.241128
19,29,748.241128
19,30,748.241128
19,31,748.241128
19,32,748.241128
19,33,748.241128
19,34,748.241128
19,35,748.241128
19,36,750.539713
19,37,750.539713
19,38,750.539713
19,39,750.539713
19,40,750.539713
19,41,755.925026
19,42,755.925026
19,43,755.925026
19,44,755.925026
19,45,755.925026
19,46,762.943656
19,47,762.943656
19,48,762.943656
19,49,762.943656
19,50,762.943656
19,51,762.943656
19,52,762.943656
19,53,762.943656
19,54,762.943656
19,55,762.943656
19,56,762.943656
19,57,762.943656
19,58,762.943656
19,59,762.943656
19,60,762.943656
19,61,762.943656
19,62,762.943656
19,63,762.943656
19,64,762.943656
19,65,762.943656
19,66,762.943656
19,67,762.943656
19,68,762.943656
19,69,762.943656
19,70,762.943656
19,71,762.943656
19,72,762.943656
19,73,765.068622
19,74,782.463651
19,75,782.463651
19,76,782.463651
19,77,782.463651
19,78,782.463651
19,79,782.463651
19,80,782.463651
19,81,782.463651
19,82,782.463651
19,83,782.463651
19,84,782.463651
19,85,782.463651
19,86,782.463651
19,87,782.463651
19,88,782.463651
19,89,782.463651
19,90,782.463651
19,91,782.463651
19,92,782.463651
19,93,782.463651
19,94,782.463651
19,95,782.463651
19,96,782.463651
19,97,782.463651
19,98,782.463651
19,99,782.463651
20,0,435.955858
20,1,477.649552
20,2,543.819315
20,3,552.110459
20,4,569.101512
20,5,586.661240
20,6,586.661240
20,7,616.151173
20,8,616.151173
20,9,637.919869
20,10,637.919869
20,11,669.681307
20,12,669.681307
20,13,669.681307
20,14,669.681307
20,15,716.771065
20,16,717.812681
20,17,722.680295
20,18,724.837514
20,19,724.837514
20,20,772.738276
20,21,772.738276
20,22,772.738276
20,23,772.738276
20,24,772.738276
20,25,815.343723
20,26,815.343723
20,27,815.343723
20,28,815.343723
20,29,815.343723
20,30,815.343723
20,31,815.343723
20,32,815.343723
20,33,815.343723
20,34,815.343723
20,35,815.343723
20,36,815.343723
20,37,815.343723
20,38,815.343723
20,39,815.343723
20,40,815.343723
20,41,815.343723
20,42,815.343723
20,43,815.343723
20,44,815.343723
20,45,815.343723
20,46,815.343723
20,47,815.343723
20,48,815.343723
20,49,815.343723
20,50,815.343723
20,51,815.343723
20,52,815.343723
20,53,815.343723
20,54,815.343723
20,55,815.343723
20,56,815.343723
20,57,815.343723
20,58,815.343723
20,59,815.343723
20,60,815.343723
20,61,815.343723
20,62,815.343723
20,63,815.343723
20,64,815.343723
20,65,815.343723
20,66,815.343723
20,67,815.343723
20,68,815.343723
20,69,815.343723
20,70,815.343723
20,71,815.343723
20,72,815.343723
20,73,815.343723
20,74,815.343723
20,75,815.343723
20,76,815.343723
20,77,815.343723
20,78,815.343723
20,79,815.343723
20,80,815.343723
20,81,815.343723
20,82,826.968979
20,83,826.968979
20,84,826.968979
20,85,826.968979
20,86,826.968979
20,87,826.968979
20,88,826.968979
20,89,826.968979
20,90,826.968979
20,91,826.968979
20,92,826.968979
20,93,826.968979
20,94,826.968979
20,95,826.968979
20,96,826.968979
20,97,826.968979
20,98,826.968979
20,99,826.968979
21,0,627.983476
21,1,627.983476
21,2,627.983476
21,3,627.983476
21,4,648.237446
21,5,651.425408
21,6,664.621921
21,7,680.725859
21,8,721.684698
21,9,721.684698
21,10,721.684698
21,11,721.684698
21,12,721.684698
21,13,767.944562
21,14,767.944562
21,15,767.944562
21,16,767.944562
21,17,767.944562
21,18,786.057483
21,19,786.057483
21,20,786.057483
21,21,786.057483
21,22,786.057483
21,23,786.057483
21,24,786.057483
21,25,786.057483
21,26,786.057483
21,27,786.057483
21,28,786.057483
21,29,786.057483
21,30,786.057483
21,31,786.057483
21,32,786.057483
21,33,786.057483
21,34,786.057483
21,35,786.057483
21,36,786.057483
21,37,786.057483
21,38,786.057483
21,39,786.057483
21,40,786.057483
21,41,786.057483
21,42,786.057483
21,43,786.057483
21,44,786.057483
21,45,786.057483
21,46,786.057483
21,47,786.057483
21,48,786.057483
21,49,786.057483
21,50,786.057483
21,51,786.057483
21,52,786.057483
21,53,786.057483
21,54,786.057483
21,55,786.057483
21,56,786.057483
21,57,786.057483
21,58,786.057483
21,59,786.057483
21,60,786.057483
21,61,786.057483
21,62,786.057483
21,63,786.057483
21,64,786.057483
21,65,786.057483
21,66,786.057483
21,67,786.057483
21,68,786.057483
21,69,786.057483
21,70,786.057483
21,71,786.057483
21,72,786.057483
21,73,786.057483
21,74,786.057483
21,75,786.057483
21,76,786.057483
21,77,786.057483
21,78,786.057483
21,79,786.057483
21,80,786.057483
21,81,786.057483
21,82,786.057483
21,83,786.057483
21,84,789.211052
21,85,789.211052
21,86,789.211052
21,87,789.211052
21,88,789.211052
21,89,789.211052
21,90,789.211052
21,91,789.211052
21,92,789.211052
21,93,789.211052
21,94,789.211052
21,95,794.646467
21,96,794.646467
21,97,794.646467
21,98,794.646467
21,99,794.646467
22,0,516.917103
22,1,627.005542
22,2,656.072044
22,3,677.862782
22,4,680.258719
22,5,680.258719
22,6,754.318151
22,7,754.318151
22,8,754.318151
22,9,755.150416
22,10,755.150416
22,11,755.150416
22,12,755.150416
22,13,755.150416
22,14,755.150416
22,15,764.409405
22,16,764.409405
22,17,767.046560
22,18,767.046560
22,19,767.046560
22,20,767.046560
22,21,767.046560
22,22,767.046560
22,23,767.046560
22,24,767.046560
22,25,767.046560
22,26,767.046560
22,27,767.046560
22,28,767.046560
22,29,767.046560
22,30,767.046560
22,31,767.046560
22,32,767.046560
22,33,767.046560
22,34,767.046560
22,35,767.046560
22,36,767.046560
22,37,767.046560
22,38,767.046560
22,39,767.046560
22,40,767.347674
22,41,767.347674
22,42,775.346443
22,43,775.346443
22,44,775.346443
22,45,775.346443
22,46,775.838293
22,47,775.838293
22,48,775.838293
22,49,775.838293
22,50,775.838293
22,51,775.838293
22,52,777.863056
22,53,777.863056
22,54,791.297628
22,55,791.297628
22,56,797.465930
22,57,797.465930
22,58,797.465930
22,59,797.465930
22,60,820.710122
22,61,820.710122
22,62,820.710122
22,63,820.710122
22,64,820.710122
22,65,820.710122
22,66,820.710122
22,67,820.710122
22,68,820.710122
22,69,820.710122
22,70,820.710122
22,71,820.710122
22,72,820.710122
22,73,820.710122
22,74,820.710122
22,75,820.710122
22,76,820.710122
22,77,820.710122
22,78,820.710122
22,79,820.710122
22,80,820.710122
22,81,820.710122
22,82,820.710122
22,83,820.710122
22,84,820.710122
22,85,820.710122
22,86,820.710122
22,87,820.710122
22,88,820.710122
22,89,820.710122
22,90,820.710122
22,91,820.710122
22,92,820.710122
22,93,820.710122
22,94,820.710122
22,95,820.710122
22,96,820.710122
22,97,820.710122
22,98,820.710122
22,99,820.710122
23,0,571.374369
23,1,571.374369
23,2,652.678005
23,3,672.394762
23,4,672.394762
23,5,706.701869
23,6,736.895923
23,7,736.895923
23,8,736.895923
23,9,738.117575
23,10,738.117575
23,11,738.117575
23,12,738.117575
23,13,744.497865
23,14,744.497865
23,15,751.434164
23,16,751.434164
23,17,751.434164
23,18,752.435401
23,19,752.435401
23,20,778.049632
23,21,778.049632
23,22,778.049632
23,23,778.049632
23,24,778.049632
23,25,778.049632
23,26,778.049632
23,27,801.533093
23,28,801.533093
23,29,801.533093
23,30,801.533093
23,31,801.533093
23,32,801.533093
23,33,801.533093
23,34,801.533093
23,35,801.533093
23,36,801.533093
23,37,801.533093
23,38,801.533093
23,39,819.216863
23,40,819.216863
23,41,819.216863
23,42,819.216863
23,43,819.216863
23,44,819.216863
23,45,819.216863
23,46,819.216863
23,47,819.216863
23,48,819.216863
23,49,819.216863
23,50,819.216863
23,51,819.216863
23,52,819.216863
23,53,819.216863
23,54,819.216863
23,55,819.216863
23,56,819.216863
23,57,819.216863
23,58,819.216863
23,59,819.216863
23,60,819.216863
23,61,819.216863
23,62,819.216863
23,63,819.216863
23,64,819.216863
23,65,819.216863
23,66,819.216863
23,67,819.216863
23,68,819.216863
23,69,819.216863
23,70,819.216863
23,71,819.216863
23,72,819.216863
23,73,819.216863
23,74,819.216863
23,75,819.216863
23,76,819.216863
23,77,819.216863
23,78,819.216863
23,79,819.216863
23,80,819.216863
23,81,819.216863
23,82,819.216863
23,83,819.216863
23,84,819.216863
23,85,819.216863
23,86,819.216863
23,87,819.216863
23,88,819.216863
23,89,819.216863
23,90,819.216863
23,91,819.216863
23,92,819.216863
23,93,819.216863
23,94,819.216863
23,95,819.216863
23,96,819.216863
23,97,819.216863
23,98,819.216863
23,99,819.216863
24,0,628.521164
24,1,628.521164
24,2,628.521164
24,3,655.171511
24,4,689.047022
24,5,693.951137
24,6,702.642642
24,7,702.642642
24,8,704.893261
24,9,720.773695
24,10,720.773695
24,11,720.773695
24,12,737.710333
24,13,737.710333
24,14,737.710333
24,15,737.710333
24,16,741.484453
24,17,741.911921
24,18,741.911921
24,19,767.002161
24,20,767.002161
24,21,767.002161
24,22,781.836272
24,23,781.836272
24,24,781.836272
24,25,781.836272
24,26,781.836272
24,27,781.836272
24,28,781.836272
24,29,781.836272
24,30,781.836272
24,31,781.836272
24,32,781.836272
24,33,781.836272
24,34,781.836272
24,35,781.836272
24,36,781.836272
24,37,781.836272
24,38,781.836272
24,39,781.836272
24,40,781.836272
24,41,781.836272
24,42,781.836272
24,43,781.836272
24,44,781.836272
24,45,781.836272
24,46,781.836272
24,47,781.836272
24,48,781.836272
24,49,781.836272
24,50,781.836272
24,51,781.836272
24,52,781.836272
24,53,781.836272
24,54,781.836272
24,55,781.836272
24,56,781.836272
24,57,781.836272
24,58,781.836272
24,59,781.836272
24,60,781.836272
24,61,781.836272
24,62,781.836272
24,63,781.836272
24,64,781.836272
24,65,781.836272
24,66,781.836272
24,67,781.836272
24,68,781.836272
24,69,781.836272
24,70,781.836272
24,71,781.836272
24,72,781.836272
24,73,781.836272
24,74,781.836272
24,75,781.836272
24,76,781.836272
24,77,781.836272
24,78,781.836272
24,79,781.836272
24,80,784.837988
24,81,784.837988
24,82,784.837988
24,83,784.837988
24,84,784.837988
24,85,784.837988
24,86,784.837988
24,87,784.837988
24,88,784.837988
24,89,784.837988
24,90,784.837988
24,91,784.837988
24,92,784.837988
24,93,784.837988
24,94,784.837988
24,95,784.837988
24,96,784.837988
24,97,784.837988
24,98,784.837988
24,99,797.726212
25,0,441.505769
25,1,458.226249
25,2,536.553458
25,3,537.525851
25,4,583.327999
25,5,583.327999
25,6,672.096030
25,7,672.096030
25,8,744.826280
25,9,761.052642
25,10,761.052642
25,11,761.052642
25,12,761.052642
25,13,790.298691
25,14,790.298691
25,15,790.298691
25,16,794.446356
25,17,794.446356
25,18,794.446356
25,19,794.446356
25,20,794.446356
25,21,794.446356
25,22,794.446356
25,23,794.446356
25,24,794.446356
25,25,794.446356
25,26,796.164450
25,27,796.164450
25,28,796.164450
25,29,796.164450
25,30,796.164450
25,31,796.164450
25,32,796.164450
25,33,796.164450
25,34,796.164450
25,35,796.164450
25,36,796.164450
25,37,796.164450
25,38,796.164450
25,39,796.164450
25,40,796.164450
25,41,796.164450
25,42,796.164450
25,43,796.164450
25,44,796.164450
25,45,796.164450
25,46,796.164450
25,47,796.164450
25,48,796.164450
25,49,796.164450
25,50,796.164450
25,51,796.164450
25,52,796.164450
25,53,796.164450
25,54,796.164450
25,55,796.164450
25,56,796.164450
25,57,796.164450
25,58,796.164450
25,59,796.164450
25,60,796.164450
25,61,796.164450
25,62,796.164450
25,63,796.164450
25,64,796.164450
25,65,796.164450
25,66,796.164450
25,67,796.164450
25,68,796.164450
25,69,796.164450
25,70,796.164450
25,71,796.164450
25,72,796.164450
25,73,796.164450
25,74,796.164450
25,75,796.164450
25,76,796.164450
25,77,796.164450
25,78,796.164450
25,79,796.164450
25,80,796.164450
25,81,796.164450
25,82,796.164450
25,83,796.164450
25,84,796.164450
25,85,796.164450
25,86,796.164450
25,87,796.164450
25,88,796.164450
25,89,796.164450
25,90,796.164450
25,91,796.164450
25,92,796.164450
25,93,796.164450
25,94,796.164450
25,95,796.164450
25,96,796.164450
25,97,796.164450
25,98,796.164450
25,99,796.164450
26,0,492.657161
26,1,492.657161
26,2,544.183818
26,3,594.280554
26,4,648.558185
26,5,701.974515
26,6,701.974515
26,7,701.974515
26,8,707.039838
26,9,725.030004
26,10,728.393935
26,11,728.393935
26,12,745.535275
26,13,745.535275
26,14,745.535275
26,15,745.535275
26,16,745.535275
26,17,763.426809
26,18,779.583243
26,19,779.583243
26,20,779.583243
26,21,779.583243
26,22,779.583243
26,23,779.583243
26,24,779.583243
26,25,779.583243
26,26,779.583243
26,27,779.583243
26,28,779.583243
26,29,779.583243
26,30,779.583243
26,31,779.583243
26,32,779.583243
26,33,779.583243
26,34,779.583243
26,35,779.583243
26,36,779.583243
26,37,779.583243
26,38,779.583243
26,39,779.583243
26,40,779.583243
26,41,779.583243
26,42,785.365203
26,43,785.365203
26,44,787.957268
26,45,787.957268
26,46,795.797689
26,47,795.797689
26,48,795.797689
26,49,795.797689
26,50,795.797689
26,51,795.797689
26,52,795.797689
26,53,795.797689
26,54,795.797689
26,55,795.797689
26,56,799.967254
26,57,799.967254
26,58,799.967254
26,59,799.967254
26,60,799.967254
26,61,799.967254
26,62,799.967254
26,63,799.967254
26,64,799.967254
26,65,799.967254
26,66,799.967254
26,67,799.967254
26,68,799.967254
26,69,799.967254
26,70,799.967254
26,71,824.741319
26,72,824.741319
26,73,824.741319
26,74,824.741319
26,75,824.741319
26,76,824.741319
26,77,824.741319
26,78,824.741319
26,79,824.741319
26,80,824.741319
26,81,824.741319
26,82,824.741319
26,83,824.741319
26,84,824.741319
26,85,824.741319
26,86,824.741319
26,87,824.741319
26,88,824.741319
26,89,824.741319
26,90,824.741319
26,91,824.741319
26,92,824.741319
26,93,824.741319
26,94,824.741319
26,95,824.741319
26,96,824.741319
26,97,824.741319
26,98,824.741319
26,99,824.741319
27,0,588.765157
27,1,610.856206
27,2,619.243496
27,3,629.334538
27,4,661.862720
27,5,700.211090
27,6,708.579380
27,7,708.579380
27,8,714.751788
27,9,742.334689
27,10,742.334689
27,11,748.939094
27,12,748.939094
27,13,748.939094
27,14,748.939094
27,15,808.006965
27,16,808.006965
27,17,808.006965
27,18,808.006965
27,19,808.006965
27,20,808.006965
27,21,808.006965
27,22,808.006965
27,23,808.006965
27,24,808.006965
27,25,808.006965
27,26,808.006965
27,27,808.006965
27,28,808.006965
27,29,808.006965
27,30,808.006965
27,31,808.006965
27,32,808.006965
27,33,808.006965
27,34,808.006965
27,35,808.006965
27,36,808.006965
27,37,808.006965
27,38,808.006965
27,39,808.006965
27,40,808.006965
27,41,808.006965
27,42,808.006965
27,43,808.006965
27,44,808.006965
27,45,808.006965
27,46,808.006965
27,47,808.006965
27,48,808.006965
27,49,808.006965
27,50,808.006965
27,51,808.006965
27,52,808.006965
27,53,808.006965
27,54,808.006965
27,55,808.006965
27,56,808.006965
27,57,808.006965
27,58,808.006965
27,59,808.006965
27,60,808.006965
27,61,808.006965
27,62,808.006965
27,63,808.006965
27,64,808.006965
27,65,808.006965
27,66,808.006965
27,67,808.006965
27,68,808.006965
27,69,808.006965
27,70,808.006965
27,71,808.006965
27,72,808.006965
27,73,808.006965
27,74,825.903654
27,75,825.903654
27,76,825.903654
27,77,825.903654
27,78,825.903654
27,79,825.903654
27,80,825.903654
27,81,825.903654
27,82,825.903654
27,83,825.903654
27,84,825.903654
27,85,825.903654
27,86,825.903654
27,87,825.903654
27,88,825.903654
27,89,825.903654
27,90,825.903654
27,91,825.903654
27,92,825.903654
27,93,825.903654
27,94,825.903654
27,95,825.903654
27,96,825.903654
27,97,825.903654
27,98,825.903654
27,99,825.903654
28,0,498.896585
28,1,581.715823
28,2,583.636540
28,3,670.432533
28,4,670.432533
28,5,670.432533
28,6,731.883404
28,7,731.883404
28,8,731.883404
28,9,731.883404
28,10,731.883404
28,11,731.883404
28,12,731.883404
28,13,731.883404
28,14,731.883404
28,15,742.606637
28,16,742.606637
28,17,742.606637
28,18,742.606637
28,19,742.606637
28,20,742.606637
28,21,742.606637
28,22,744.473245
28,23,744.473245
28,24,744.473245
28,25,744.473245
28,26,744.473245
28,27,744.473245
28,28,744.473245
28,29,744.473245
28,30,744.473245
28,31,744.473245
28,32,744.473245
28,33,744.473245
28,34,744.473245
28,35,744.473245
28,36,744.473245
28,37,744.473245
28,38,744.473245
28,39,744.473245
28,40,744.473245
28,41,744.473245
28,42,744.473245
28,43,744.473245
28,44,744.473245
28,45,744.473245
28,46,744.473245
28,47,745.369302
28,48,745.369302
28,49,745.369302
28,50,745.966439
28,51,745.966439
28,52,745.966439
28,53,745.966439
28,54,745.966439
28,55,745.966439
28,56,745.966439
28,57,761.045657
28,58,761.045657
28,59,761.045657
28,60,761.045657
28,61,774.721119
28,62,774.721119
28,63,774.721119
28,64,774.721119
28,65,786.735732
28,66,786.735732
28,67,786.735732
28,68,786.735732
28,69,786.735732
28,70,786.735732
28,71,786.735732
28,72,786.735732
28,73,786.735732
28,74,786.735732
28,75,786.735732
28,76,786.735732
28,77,786.735732
28,78,786.735732
28,79,786.735732
28,80,786.735732
28,81,786.735732
28,82,786.735732
28,83,786.735732
28,84,786.735732
28,85,786.735732
28,86,786.735732
28,87,786.735732
28,88,786.735732
28,89,786.735732
28,90,786.735732
28,91,786.735732
28,92,786.735732
28,93,786.735732
28,94,786.735732
28,95,786.735732
28,96,786.735732
28,97,786.735732
28,98,786.735732
28,99,786.735732
29,0,416.929883
29,1,498.922854
29,2,521.347174
29,3,603.596203
29,4,603.596203
29,5,603.596203
29,6,603.596203
29,7,603.596203
29,8,617.356047
29,9,617.356047
29,10,617.356047
29,11,617.356047
29,12,634.358871
29,13,637.276982
29,14,652.347221
29,15,694.787903
29,16,701.454873
29,17,701.454873
29,18,721.563300
29,19,721.563300
29,20,721.563300
29,21,751.982208
29,22,751.982208
29,23,751.982208
29,24,762.829390
29,25,786.610085
29,26,786.610085
29,27,794.127886
29,28,794.127886
29,29,794.127886
29,30,794.127886
29,31,794.127886
29,32,794.127886
29,33,794.127886
29,34,794.127886
29,35,794.127886
29,36,794.127886
29,37,794.127886
29,38,794.127886
29,39,794.127886
29,40,794.127886
29,41,794.127886
29,42,794.127886
29,43,794.127886
29,44,794.127886
29,45,794.127886
29,46,794.127886
29,47,794.127886
29,48,794.127886
29,49,794.127886
29,50,794.127886
29,51,794.127886
29,52,794.127886
29,53,794.127886
29,54,794.127886
29,55,794.127886
29,56,794.127886
29,57,794.127886
29,58,794.127886
29,59,794.127886
29,60,794.127886
29,61,794.127886
29,62,794.127886
29,63,794.127886
29,64,794.127886
29,65,794.127886
29,66,794.127886
29,67,794.127886
29,68,794.127886
29,69,794.127886
29,70,794.127886
29,71,794.127886
29,72,794.127886
29,73,794.127886
29,74,794.127886
29,75,794.127886
29,76,794.127886
29,77,794.127886
29,78,794.127886
29,79,794.127886
29,80,794.127886
29,81,794.127886
29,82,794.127886
29,83,794.127886
29,84,794.127886
29,85,794.127886
29,86,794.127886
29,87,794.127886
29,88,794.127886
29,89,794.127886
29,90,794.127886
29,91,794.127886
29,92,794.127886
29,93,794.127886
29,94,794.127886
29,95,794.127886
29,96,794.127886
29,97,794.127886
29,98,795.770855
29,99,801.532759
